idRegistration, startTime, idValueType, value
10221, 2026-04-29T16:00:00Z,8,1.3
40237, 2026-04-29T16:00:00Z,8,6.2
40238, 2026-04-29T16:00:00Z,8,96.8
40244, 2026-04-29T16:00:00Z,8,92.6
40257, 2026-04-29T16:00:00Z,8,1.3
40259, 2026-04-29T16:00:00Z,6,-5008.0
40260, 2026-04-29T16:00:00Z,6,-5008.0
40261, 2026-04-29T16:00:00Z,8,14.8
40279, 2026-04-29T16:00:00Z,8,1.3
40281, 2026-04-29T16:00:00Z,8,2.1
40282, 2026-04-29T16:00:00Z,8,167.0
40283, 2026-04-29T16:00:00Z,8,88.8
40284, 2026-04-29T16:00:00Z,8,2.9
40285, 2026-04-29T16:00:00Z,8,10.1
40288, 2026-04-29T16:00:00Z,8,11.6
40308, 2026-04-29T16:00:00Z,8,4.0
40309, 2026-04-29T16:00:00Z,8,92.2
40310, 2026-04-29T16:00:00Z,8,5.2
40311, 2026-04-29T16:00:00Z,8,9.0
40316, 2026-04-29T16:00:00Z,8,11.5
40331, 2026-04-29T16:00:00Z,8,26.5
40338, 2026-04-29T16:00:00Z,8,24.2
40340, 2026-04-29T16:00:00Z,8,33.3
40341, 2026-04-29T16:00:00Z,8,61.6
40342, 2026-04-29T16:00:00Z,8,54.3
40343, 2026-04-29T16:00:00Z,8,19.4
40352, 2026-04-29T16:00:00Z,8,4.8
40354, 2026-04-29T16:00:00Z,8,92.2
40355, 2026-04-29T16:00:00Z,8,5.7
40356, 2026-04-29T16:00:00Z,8,8.8
40369, 2026-04-29T16:00:00Z,8,2.1
40406, 2026-04-29T16:00:00Z,8,1.3
40408, 2026-04-29T16:00:00Z,8,1.0
40410, 2026-04-29T16:00:00Z,8,93.8
40411, 2026-04-29T16:00:00Z,8,2.1
40412, 2026-04-29T16:00:00Z,8,2.5
40419, 2026-04-29T16:00:00Z,8,3.8
40448, 2026-04-29T16:00:00Z,8,3.8
40450, 2026-04-29T16:00:00Z,8,5.0
40451, 2026-04-29T16:00:00Z,8,5.5
40507, 2026-04-29T16:00:00Z,8,91.2
40522, 2026-04-29T16:00:00Z,8,3.0
40528, 2026-04-29T16:00:00Z,8,3.5
40530, 2026-04-29T16:00:00Z,8,5.2
40532, 2026-04-29T16:00:00Z,8,91.4
40533, 2026-04-29T16:00:00Z,8,7.5
40534, 2026-04-29T16:00:00Z,8,5.2
40541, 2026-04-29T16:00:00Z,8,3.1
40542, 2026-04-29T16:00:00Z,8,1.3
40544, 2026-04-29T16:00:00Z,8,2.3
40545, 2026-04-29T16:00:00Z,8,93.2
40546, 2026-04-29T16:00:00Z,8,2.9
40555, 2026-04-29T16:00:00Z,8,10.4
40557, 2026-04-29T16:00:00Z,8,9.0
40559, 2026-04-29T16:00:00Z,8,82.2
40560, 2026-04-29T16:00:00Z,8,9.6
40561, 2026-04-29T16:00:00Z,8,21.0
40604, 2026-04-29T16:00:00Z,8,1.3
40606, 2026-04-29T16:00:00Z,8,10.1
40607, 2026-04-29T16:00:00Z,8,11.5
40608, 2026-04-29T16:00:00Z,8,11.6
40614, 2026-04-29T16:00:00Z,8,6.9
40615, 2026-04-29T16:00:00Z,8,7.5
40616, 2026-04-29T16:00:00Z,8,19.9
40626, 2026-04-29T16:00:00Z,8,21.3
40630, 2026-04-29T16:00:00Z,8,1.3
40632, 2026-04-29T16:00:00Z,8,6.1
40634, 2026-04-29T16:00:00Z,8,7.1
40635, 2026-04-29T16:00:00Z,8,15.1
40649, 2026-04-29T16:00:00Z,8,1.3
40651, 2026-04-29T16:00:00Z,8,5.7
40652, 2026-04-29T16:00:00Z,8,5.7
40653, 2026-04-29T16:00:00Z,8,19.6
40657, 2026-04-29T16:00:00Z,8,13.4
40658, 2026-04-29T16:00:00Z,8,1.3
40660, 2026-04-29T16:00:00Z,8,3.1
40661, 2026-04-29T16:00:00Z,8,85.4
40662, 2026-04-29T16:00:00Z,8,4.2
40663, 2026-04-29T16:00:00Z,8,5.0
40686, 2026-04-29T16:00:00Z,8,1.3
40690, 2026-04-29T16:00:00Z,8,87.2
40692, 2026-04-29T16:00:00Z,8,8.1
40693, 2026-04-29T16:00:00Z,8,1.3
40695, 2026-04-29T16:00:00Z,8,1.0
40696, 2026-04-29T16:00:00Z,8,87.8
40697, 2026-04-29T16:00:00Z,8,1.0
40698, 2026-04-29T16:00:00Z,8,23.8
40708, 2026-04-29T16:00:00Z,8,91.2
40712, 2026-04-29T16:00:00Z,8,0.03
40714, 2026-04-29T16:00:00Z,8,1.24
40715, 2026-04-29T16:00:00Z,8,106.1
40716, 2026-04-29T16:00:00Z,8,1.7
40721, 2026-04-29T16:00:00Z,8,99.2
40736, 2026-04-29T16:00:00Z,8,1.3
40738, 2026-04-29T16:00:00Z,8,4.4
40740, 2026-04-29T16:00:00Z,8,94.2
40741, 2026-04-29T16:00:00Z,8,5.4
40742, 2026-04-29T16:00:00Z,8,3.3
40743, 2026-04-29T16:00:00Z,8,5.3
40744, 2026-04-29T16:00:00Z,8,1.3
40746, 2026-04-29T16:00:00Z,8,5.5
40748, 2026-04-29T16:00:00Z,8,86.2
40749, 2026-04-29T16:00:00Z,8,6.9
40750, 2026-04-29T16:00:00Z,8,8.9
40764, 2026-04-29T16:00:00Z,8,92.6
40771, 2026-04-29T16:00:00Z,8,84.6
40792, 2026-04-29T16:00:00Z,8,5.9
40794, 2026-04-29T16:00:00Z,8,2.1
40795, 2026-04-29T16:00:00Z,8,91.0
40796, 2026-04-29T16:00:00Z,8,2.7
40797, 2026-04-29T16:00:00Z,8,3.5
40798, 2026-04-29T16:00:00Z,8,4.0
40799, 2026-04-29T16:00:00Z,6,-5002.0
40805, 2026-04-29T16:00:00Z,8,7.5
40815, 2026-04-29T16:00:00Z,8,92.6
40817, 2026-04-29T16:00:00Z,8,5.1
40819, 2026-04-29T16:00:00Z,8,2.5
40820, 2026-04-29T16:00:00Z,8,87.6
40821, 2026-04-29T16:00:00Z,8,2.9
40822, 2026-04-29T16:00:00Z,8,6.4
40835, 2026-04-29T16:00:00Z,6,-5003.0
40837, 2026-04-29T16:00:00Z,6,-5003.0
40838, 2026-04-29T16:00:00Z,6,-5003.0
40839, 2026-04-29T16:00:00Z,8,94.2
40840, 2026-04-29T16:00:00Z,6,-5003.0
40841, 2026-04-29T16:00:00Z,8,6.7
40845, 2026-04-29T16:00:00Z,8,88.4
40848, 2026-04-29T16:00:00Z,8,10.9
40851, 2026-04-29T16:00:00Z,8,5.9
40852, 2026-04-29T16:00:00Z,8,216.0
40853, 2026-04-29T16:00:00Z,8,9.9
40854, 2026-04-29T16:00:00Z,8,8.2
40878, 2026-04-29T16:00:00Z,8,86.0
40880, 2026-04-29T16:00:00Z,8,7.7
40885, 2026-04-29T16:00:00Z,8,10.2
40902, 2026-04-29T16:00:00Z,8,3.6
40904, 2026-04-29T16:00:00Z,8,103.9
40905, 2026-04-29T16:00:00Z,8,4.8
40918, 2026-04-29T16:00:00Z,8,94.0
40920, 2026-04-29T16:00:00Z,8,2.1
40992, 2026-04-29T16:00:00Z,8,6.1
40994, 2026-04-29T16:00:00Z,8,6.7
40996, 2026-04-29T16:00:00Z,8,8.2
40997, 2026-04-29T16:00:00Z,8,18.6
41007, 2026-04-29T16:00:00Z,8,17.0
41008, 2026-04-29T16:00:00Z,8,1.3
41010, 2026-04-29T16:00:00Z,8,6.7
41012, 2026-04-29T16:00:00Z,8,7.1
41028, 2026-04-29T16:00:00Z,8,4.6
41029, 2026-04-29T16:00:00Z,8,6.1
41030, 2026-04-29T16:00:00Z,8,3.4
41037, 2026-04-29T16:00:00Z,8,97.8
41043, 2026-04-29T16:00:00Z,8,86.6
41045, 2026-04-29T16:00:00Z,8,11.4
41050, 2026-04-29T16:00:00Z,8,13.5
41056, 2026-04-29T16:00:00Z,8,4.0
41058, 2026-04-29T16:00:00Z,8,5.9
41059, 2026-04-29T16:00:00Z,8,7.5
41060, 2026-04-29T16:00:00Z,8,5.9
41090, 2026-04-29T16:00:00Z,8,1.3
41093, 2026-04-29T16:00:00Z,8,91.4
41095, 2026-04-29T16:00:00Z,8,15.7
41101, 2026-04-29T16:00:00Z,8,8.8
41139, 2026-04-29T16:00:00Z,8,11.3
41140, 2026-04-29T16:00:00Z,8,14.7
41141, 2026-04-29T16:00:00Z,8,25.3
41144, 2026-04-29T16:00:00Z,8,26.6
41145, 2026-04-29T16:00:00Z,8,15.9
41146, 2026-04-29T16:00:00Z,8,17.9
41151, 2026-04-29T16:00:00Z,6,-5009.0
41156, 2026-04-29T16:00:00Z,8,61.8
41157, 2026-04-29T16:00:00Z,8,34.2
41158, 2026-04-29T16:00:00Z,8,546.0
41171, 2026-04-29T16:00:00Z,8,93.6
41172, 2026-04-29T16:00:00Z,8,325.007
41179, 2026-04-29T16:00:00Z,8,4.4
41180, 2026-04-29T16:00:00Z,8,8.7
41181, 2026-04-29T16:00:00Z,8,8.2
41182, 2026-04-29T16:00:00Z,8,10.5
41224, 2026-04-29T16:00:00Z,8,2.9
41226, 2026-04-29T16:00:00Z,8,4.6
41227, 2026-04-29T16:00:00Z,8,3.3
41228, 2026-04-29T16:00:00Z,8,18.0
41229, 2026-04-29T16:00:00Z,8,17.2
41236, 2026-04-29T16:00:00Z,8,16.5
41237, 2026-04-29T16:00:00Z,8,6.5
41238, 2026-04-29T16:00:00Z,8,5.4
41241, 2026-04-29T16:00:00Z,8,92.2
41242, 2026-04-29T16:00:00Z,8,15.8
41248, 2026-04-29T16:00:00Z,8,13.1
41249, 2026-04-29T16:00:00Z,8,77.8
41251, 2026-04-29T16:00:00Z,8,29.8
41252, 2026-04-29T16:00:00Z,8,17.8
151340, 2026-04-29T16:00:00Z,8,87.8
188512, 2026-04-29T16:00:00Z,8,1.3
188518, 2026-04-29T16:00:00Z,8,2.7
188521, 2026-04-29T16:00:00Z,8,1.9
188524, 2026-04-29T16:00:00Z,8,85.8
188527, 2026-04-29T16:00:00Z,8,15.1
188601, 2026-04-29T16:00:00Z,8,28.7
188604, 2026-04-29T16:00:00Z,8,15.9
188652, 2026-04-29T16:00:00Z,8,1.3
188658, 2026-04-29T16:00:00Z,8,1.0
188661, 2026-04-29T16:00:00Z,8,1.0
188667, 2026-04-29T16:00:00Z,8,97.0
194111, 2026-04-29T16:00:00Z,8,5.7
194114, 2026-04-29T16:00:00Z,8,7.7
194125, 2026-04-29T16:00:00Z,8,99.1
199772, 2026-04-29T16:00:00Z,8,91.0
200399, 2026-04-29T16:00:00Z,8,27.5
200402, 2026-04-29T16:00:00Z,8,50.1
200405, 2026-04-29T16:00:00Z,8,376.0
212828, 2026-04-29T16:00:00Z,8,9.6
212831, 2026-04-29T16:00:00Z,8,7.8
212840, 2026-04-29T16:00:00Z,8,2.9
248573, 2026-04-29T16:00:00Z,8,95.2
496448, 2026-04-29T16:00:00Z,8,221.33
765847, 2026-04-29T16:00:00Z,8,96.2
765857, 2026-04-29T16:00:00Z,8,11.1
765861, 2026-04-29T16:00:00Z,8,13.8
765865, 2026-04-29T16:00:00Z,8,1.3
783575, 2026-04-29T16:00:00Z,8,15.3
783579, 2026-04-29T16:00:00Z,8,19.1
783591, 2026-04-29T16:00:00Z,8,4.7
848786, 2026-04-29T16:00:00Z,8,88.0
849536, 2026-04-29T16:00:00Z,8,12.6
849544, 2026-04-29T16:00:00Z,8,17.3
867316, 2026-04-29T16:00:00Z,8,3.4
867319, 2026-04-29T16:00:00Z,8,5.0
867322, 2026-04-29T16:00:00Z,8,22.0
867416, 2026-04-29T16:00:00Z,8,17.7
867419, 2026-04-29T16:00:00Z,8,5.1
867884, 2026-04-29T16:00:00Z,8,4.3
919418, 2026-04-29T16:00:00Z,8,2.9
919422, 2026-04-29T16:00:00Z,8,3.3
919426, 2026-04-29T16:00:00Z,8,1.0
919430, 2026-04-29T16:00:00Z,8,6.3
987035, 2026-04-29T16:00:00Z,8,9.7
1005645, 2026-04-29T16:00:00Z,8,262.0
1020981, 2026-04-29T16:00:00Z,8,4.0
1021177, 2026-04-29T16:00:00Z,8,1.0
1021183, 2026-04-29T16:00:00Z,8,2.7
1022029, 2026-04-29T16:00:00Z,8,1.0
1022033, 2026-04-29T16:00:00Z,8,1.0
1022058, 2026-04-29T16:00:00Z,8,1.3
1022070, 2026-04-29T16:00:00Z,8,2.5
1022074, 2026-04-29T16:00:00Z,8,2.9
1101832, 2026-04-29T16:00:00Z,8,2.7
1101836, 2026-04-29T16:00:00Z,8,2.9
1101840, 2026-04-29T16:00:00Z,8,95.8
1101844, 2026-04-29T16:00:00Z,8,4.4
1193925, 2026-04-29T16:00:00Z,8,4.4
1193929, 2026-04-29T16:00:00Z,8,5.0
1193933, 2026-04-29T16:00:00Z,8,92.0
1193937, 2026-04-29T16:00:00Z,8,13.1
1283298, 2026-04-29T16:00:00Z,8,4.7
1316708, 2026-04-29T16:00:00Z,8,13.5
1317399, 2026-04-29T16:00:00Z,8,12.8
1317403, 2026-04-29T16:00:00Z,8,16.1
1317407, 2026-04-29T16:00:00Z,8,5.9
1337358, 2026-04-29T16:00:00Z,8,2.8
1337363, 2026-04-29T16:00:00Z,8,2.1
1337378, 2026-04-29T16:00:00Z,8,9.5
1337478, 2026-04-29T16:00:00Z,8,2.7
1337482, 2026-04-29T16:00:00Z,8,4.3
1337502, 2026-04-29T16:00:00Z,8,12.3
1337515, 2026-04-29T16:00:00Z,8,2.7
1365749, 2026-04-29T16:00:00Z,8,1.0
1365769, 2026-04-29T16:00:00Z,8,12.5
1366118, 2026-04-29T16:00:00Z,8,6.4
1366434, 2026-04-29T16:00:00Z,8,1.0
1366443, 2026-04-29T16:00:00Z,8,19.2
1366482, 2026-04-29T16:00:00Z,8,1.3
1366490, 2026-04-29T16:00:00Z,8,3.4
1366494, 2026-04-29T16:00:00Z,8,3.4
1366498, 2026-04-29T16:00:00Z,8,88.0
1366805, 2026-04-29T16:00:00Z,8,12.5
1366813, 2026-04-29T16:00:00Z,8,3.3
1367168, 2026-04-29T16:00:00Z,8,1.3
1367180, 2026-04-29T16:00:00Z,8,2.5
1367184, 2026-04-29T16:00:00Z,8,3.4
1367188, 2026-04-29T16:00:00Z,8,90.2
1367192, 2026-04-29T16:00:00Z,8,5.6
1367196, 2026-04-29T16:00:00Z,8,1.0
1367303, 2026-04-29T16:00:00Z,8,1.3
1367307, 2026-04-29T16:00:00Z,8,91.6
1368848, 2026-04-29T16:00:00Z,8,14.8
1368852, 2026-04-29T16:00:00Z,8,4.0
1368992, 2026-04-29T16:00:00Z,8,8.0
1368996, 2026-04-29T16:00:00Z,8,7.4
1369004, 2026-04-29T16:00:00Z,8,1.3
1369012, 2026-04-29T16:00:00Z,8,1.0
1369016, 2026-04-29T16:00:00Z,8,2.7
1369020, 2026-04-29T16:00:00Z,8,60.8
1369059, 2026-04-29T16:00:00Z,8,16.3
1369063, 2026-04-29T16:00:00Z,8,1667.8
1369240, 2026-04-29T16:00:00Z,8,22.1
1369244, 2026-04-29T16:00:00Z,8,5.4
1369608, 2026-04-29T16:00:00Z,8,15.9
1369660, 2026-04-29T16:00:00Z,8,1.3
1369672, 2026-04-29T16:00:00Z,8,1.0
1369676, 2026-04-29T16:00:00Z,8,1.0
1369680, 2026-04-29T16:00:00Z,8,5.1
1369684, 2026-04-29T16:00:00Z,8,4.6
1369845, 2026-04-29T16:00:00Z,6,-5003.0
1369849, 2026-04-29T16:00:00Z,6,-5003.0
1369853, 2026-04-29T16:00:00Z,8,32.6
1369857, 2026-04-29T16:00:00Z,8,14.5
1379502, 2026-04-29T16:00:00Z,8,4.3
1379517, 2026-04-29T16:00:00Z,8,6.1
1379522, 2026-04-29T16:00:00Z,8,7.8
1379526, 2026-04-29T16:00:00Z,8,18.3
1379531, 2026-04-29T16:00:00Z,8,13.5
1379567, 2026-04-29T16:00:00Z,8,8.6
1379571, 2026-04-29T16:00:00Z,8,6.8
1410468, 2026-04-29T16:00:00Z,8,3.6
1410474, 2026-04-29T16:00:00Z,8,4.4
1410479, 2026-04-29T16:00:00Z,8,8.7
1456892, 2026-04-29T16:00:00Z,8,4.6
1456898, 2026-04-29T16:00:00Z,8,5.5
1456903, 2026-04-29T16:00:00Z,8,10.9
1502270, 2026-04-29T16:00:00Z,6,-5003.0
1503270, 2026-04-29T16:00:00Z,8,92.8
1503280, 2026-04-29T16:00:00Z,8,16.6
1503284, 2026-04-29T16:00:00Z,8,3.8
1505800, 2026-04-29T16:00:00Z,8,123.0
1508645, 2026-04-29T16:00:00Z,8,6.5
1508652, 2026-04-29T16:00:00Z,8,7.8
1508659, 2026-04-29T16:00:00Z,8,14.4
1508667, 2026-04-29T16:00:00Z,8,8.3
1555918, 2026-04-29T16:00:00Z,8,8.7
1632205, 2026-04-29T16:00:00Z,8,1.22
1632218, 2026-04-29T16:00:00Z,8,1.63
1632225, 2026-04-29T16:00:00Z,8,1.84
1635658, 2026-04-29T16:00:00Z,8,6.7
1635663, 2026-04-29T16:00:00Z,8,7.8
1636281, 2026-04-29T16:00:00Z,8,1.3
1648286, 2026-04-29T16:00:00Z,148,3.0
1648295, 2026-04-29T16:00:00Z,148,3.0
1648316, 2026-04-29T16:00:00Z,148,2.0
1648319, 2026-04-29T16:00:00Z,148,3.0
1648325, 2026-04-29T16:00:00Z,148,3.0
1648334, 2026-04-29T16:00:00Z,148,3.0
1648352, 2026-04-29T16:00:00Z,148,3.0
1648355, 2026-04-29T16:00:00Z,148,3.0
1648358, 2026-04-29T16:00:00Z,148,3.0
1648361, 2026-04-29T16:00:00Z,148,3.0
1648370, 2026-04-29T16:00:00Z,148,4.0
1648376, 2026-04-29T16:00:00Z,148,3.0
1648379, 2026-04-29T16:00:00Z,148,3.0
1648385, 2026-04-29T16:00:00Z,148,4.0
1648391, 2026-04-29T16:00:00Z,148,3.0
1648406, 2026-04-29T16:00:00Z,148,3.0
1648409, 2026-04-29T16:00:00Z,148,3.0
1648412, 2026-04-29T16:00:00Z,148,3.0
1648424, 2026-04-29T16:00:00Z,148,3.0
1648430, 2026-04-29T16:00:00Z,148,3.0
1648433, 2026-04-29T16:00:00Z,148,3.0
1648442, 2026-04-29T16:00:00Z,148,3.0
1648451, 2026-04-29T16:00:00Z,148,3.0
1648454, 2026-04-29T16:00:00Z,148,3.0
1648457, 2026-04-29T16:00:00Z,148,3.0
1648463, 2026-04-29T16:00:00Z,148,0.0
1648466, 2026-04-29T16:00:00Z,148,3.0
1648478, 2026-04-29T16:00:00Z,148,3.0
1648502, 2026-04-29T16:00:00Z,148,3.0
1648511, 2026-04-29T16:00:00Z,148,3.0
1648514, 2026-04-29T16:00:00Z,148,3.0
1648517, 2026-04-29T16:00:00Z,148,4.0
1648520, 2026-04-29T16:00:00Z,148,4.0
1648568, 2026-04-29T16:00:00Z,148,3.0
1648571, 2026-04-29T16:00:00Z,148,3.0
1648574, 2026-04-29T16:00:00Z,148,4.0
1648586, 2026-04-29T16:00:00Z,148,3.0
1648592, 2026-04-29T16:00:00Z,148,4.0
1648595, 2026-04-29T16:00:00Z,148,3.0
1648598, 2026-04-29T16:00:00Z,148,3.0
1648610, 2026-04-29T16:00:00Z,148,3.0
1648616, 2026-04-29T16:00:00Z,148,3.0
1648619, 2026-04-29T16:00:00Z,148,3.0
1648634, 2026-04-29T16:00:00Z,148,3.0
1648646, 2026-04-29T16:00:00Z,148,3.0
1648664, 2026-04-29T16:00:00Z,148,3.0
1648673, 2026-04-29T16:00:00Z,148,3.0
1648685, 2026-04-29T16:00:00Z,148,4.0
1648691, 2026-04-29T16:00:00Z,148,3.0
1648694, 2026-04-29T16:00:00Z,148,0.0
1648700, 2026-04-29T16:00:00Z,148,3.0
1648703, 2026-04-29T16:00:00Z,148,3.0
1648706, 2026-04-29T16:00:00Z,148,3.0
1648715, 2026-04-29T16:00:00Z,148,3.0
1648733, 2026-04-29T16:00:00Z,148,3.0
1648736, 2026-04-29T16:00:00Z,148,3.0
1648760, 2026-04-29T16:00:00Z,148,3.0
1648763, 2026-04-29T16:00:00Z,148,3.0
1648781, 2026-04-29T16:00:00Z,148,3.0
1648790, 2026-04-29T16:00:00Z,148,4.0
1648793, 2026-04-29T16:00:00Z,148,3.0
1648814, 2026-04-29T16:00:00Z,148,3.0
1648820, 2026-04-29T16:00:00Z,148,3.0
1648829, 2026-04-29T16:00:00Z,148,0.0
1648835, 2026-04-29T16:00:00Z,148,3.0
1648838, 2026-04-29T16:00:00Z,148,3.0
1648856, 2026-04-29T16:00:00Z,148,3.0
1648862, 2026-04-29T16:00:00Z,148,3.0
1648892, 2026-04-29T16:00:00Z,148,4.0
1648895, 2026-04-29T16:00:00Z,148,3.0
1648898, 2026-04-29T16:00:00Z,148,3.0
1648907, 2026-04-29T16:00:00Z,148,3.0
1648928, 2026-04-29T16:00:00Z,148,0.0
1648931, 2026-04-29T16:00:00Z,148,3.0
1648937, 2026-04-29T16:00:00Z,148,4.0
1648943, 2026-04-29T16:00:00Z,148,3.0
1648955, 2026-04-29T16:00:00Z,148,3.0
1648958, 2026-04-29T16:00:00Z,148,3.0
1648964, 2026-04-29T16:00:00Z,148,4.0
1648970, 2026-04-29T16:00:00Z,148,4.0
1648973, 2026-04-29T16:00:00Z,148,3.0
1648976, 2026-04-29T16:00:00Z,148,3.0
1648985, 2026-04-29T16:00:00Z,148,4.0
1648997, 2026-04-29T16:00:00Z,148,3.0
1649018, 2026-04-29T16:00:00Z,148,3.0
1649021, 2026-04-29T16:00:00Z,148,3.0
1649030, 2026-04-29T16:00:00Z,148,3.0
1649039, 2026-04-29T16:00:00Z,148,3.0
1659400, 2026-04-29T16:00:00Z,8,14.6
1659405, 2026-04-29T16:00:00Z,8,3.2
1668652, 2026-04-29T16:00:00Z,8,12.4
1668661, 2026-04-29T16:00:00Z,8,18.2
1668670, 2026-04-29T16:00:00Z,8,7.6
1668680, 2026-04-29T16:00:00Z,8,22.6
1675257, 2026-04-29T16:00:00Z,8,90.4
1696550, 2026-04-29T16:00:00Z,6,-5009.0
1730632, 2026-04-29T16:00:00Z,8,3.0
1730640, 2026-04-29T16:00:00Z,8,14.2
1802139, 2026-04-29T16:00:00Z,8,318.018
1802155, 2026-04-29T16:00:00Z,8,10.3
1802160, 2026-04-29T16:00:00Z,8,16.3
1802164, 2026-04-29T16:00:00Z,8,74.2
1802168, 2026-04-29T16:00:00Z,8,22.9
1802207, 2026-04-29T16:00:00Z,148,3.0
1845613, 2026-04-29T16:00:00Z,8,8.5
2053466, 2026-04-29T16:00:00Z,8,158.0
2053504, 2026-04-29T16:00:00Z,8,11.9
2053515, 2026-04-29T16:00:00Z,8,20.3
2053526, 2026-04-29T16:00:00Z,8,9.0
2053536, 2026-04-29T16:00:00Z,8,10.6
2053564, 2026-04-29T16:00:00Z,8,6.1
2105547, 2026-04-29T16:00:00Z,8,48.0
2105558, 2026-04-29T16:00:00Z,8,6.3
2140455, 2026-04-29T16:00:00Z,8,3.8
2140459, 2026-04-29T16:00:00Z,8,3.6
2140463, 2026-04-29T16:00:00Z,8,87.2
2140479, 2026-04-29T16:00:00Z,8,1.3
2180883, 2026-04-29T16:00:00Z,8,108.0
2180919, 2026-04-29T16:00:00Z,8,4.4
2180923, 2026-04-29T16:00:00Z,8,8.8
2180935, 2026-04-29T16:00:00Z,8,85.8
2180939, 2026-04-29T16:00:00Z,8,18.5
2180943, 2026-04-29T16:00:00Z,8,9.7
2180947, 2026-04-29T16:00:00Z,8,1.3
2181585, 2026-04-29T16:00:00Z,8,5.4
2181589, 2026-04-29T16:00:00Z,8,4.4
2181593, 2026-04-29T16:00:00Z,8,75.8
2181601, 2026-04-29T16:00:00Z,8,13.2
2181605, 2026-04-29T16:00:00Z,8,3.1
2181609, 2026-04-29T16:00:00Z,8,1.3
2181672, 2026-04-29T16:00:00Z,8,17.2
2181676, 2026-04-29T16:00:00Z,8,3.9
2187304, 2026-04-29T16:00:00Z,8,9.6
2187315, 2026-04-29T16:00:00Z,8,3.0
2200581, 2026-04-29T16:00:00Z,8,1.3
