id_registration,station_code,street,city,lon,lat,alt,component_code,component_name,unit
40555,TOFFA,Gen. Janouška,Ostrava - Fifejdy,18.263689041137695,49.83918762207031,220 m,SO2,oxid siřičitý,ug/m^3
40557,TOFFA,Gen. Janouška,Ostrava - Fifejdy,18.263689041137695,49.83918762207031,220 m,NO2,oxid dusičitý,ug/m^3
40560,TOFFA,Gen. Janouška,Ostrava - Fifejdy,18.263689041137695,49.83918762207031,220 m,NOx,oxidy dusíku,ug/m^3
40559,TOFFA,Gen. Janouška,Ostrava - Fifejdy,18.263689041137695,49.83918762207031,220 m,O3,přízemní ozon,ug/m^3
40561,TOFFA,Gen. Janouška,Ostrava - Fifejdy,18.263689041137695,49.83918762207031,220 m,PM10,částice PM10,ug/m^3
1648691,TOFFA,Gen. Janouška,Ostrava - Fifejdy,18.263689041137695,49.83918762207031,220 m,INDX,Index kvality ovzduší,
40614,TFMIA,28.října  86,Frýdek - Místek,18.351070404052734,49.671791076660156,290 m,NO2,oxid dusičitý,ug/m^3
40615,TFMIA,28.října  86,Frýdek - Místek,18.351070404052734,49.671791076660156,290 m,NOx,oxidy dusíku,ug/m^3
1366118,TFMIA,28.října  86,Frýdek - Místek,18.351070404052734,49.671791076660156,290 m,PM2_5,"jemné částice PM2,5",ug/m^3
40616,TFMIA,28.října  86,Frýdek - Místek,18.351070404052734,49.671791076660156,290 m,PM10,částice PM10,ug/m^3
1648892,TFMIA,28.října  86,Frýdek - Místek,18.351070404052734,49.671791076660156,290 m,INDX,Index kvality ovzduší,
40851,SBERA,,,14.058300018310547,49.95792770385742,216 m,NO2,oxid dusičitý,ug/m^3
40853,SBERA,,,14.058300018310547,49.95792770385742,216 m,NOx,oxidy dusíku,ug/m^3
40852,SBERA,,,14.058300018310547,49.95792770385742,216 m,CO,oxid uhelnatý,ug/m^3
40848,SBERA,,,14.058300018310547,49.95792770385742,216 m,PM2_5,"jemné částice PM2,5",ug/m^3
40854,SBERA,,,14.058300018310547,49.95792770385742,216 m,PM10,částice PM10,ug/m^3
1648793,SBERA,,,14.058300018310547,49.95792770385742,216 m,INDX,Index kvality ovzduší,
40878,TTROA,Lidická,Třinec,18.677799224853516,49.668113708496094,320 m,O3,přízemní ozon,ug/m^3
40885,TTROA,Lidická,Třinec,18.677799224853516,49.668113708496094,320 m,PM2_5,"jemné částice PM2,5",ug/m^3
40880,TTROA,Lidická,Třinec,18.677799224853516,49.668113708496094,320 m,PM10,částice PM10,ug/m^3
1649030,TTROA,Lidická,Třinec,18.677799224853516,49.668113708496094,320 m,INDX,Index kvality ovzduší,
41028,SMBOA,Havlíčkova,Mladá Boleslav,14.913859367370605,50.428646087646484,224 m,NO2,oxid dusičitý,ug/m^3
41029,SMBOA,Havlíčkova,Mladá Boleslav,14.913859367370605,50.428646087646484,224 m,NOx,oxidy dusíku,ug/m^3
41037,SMBOA,Havlíčkova,Mladá Boleslav,14.913859367370605,50.428646087646484,224 m,O3,přízemní ozon,ug/m^3
1283298,SMBOA,Havlíčkova,Mladá Boleslav,14.913859367370605,50.428646087646484,224 m,PM2_5,"jemné částice PM2,5",ug/m^3
41030,SMBOA,Havlíčkova,Mladá Boleslav,14.913859367370605,50.428646087646484,224 m,PM10,částice PM10,ug/m^3
1648958,SMBOA,Havlíčkova,Mladá Boleslav,14.913859367370605,50.428646087646484,224 m,INDX,Index kvality ovzduší,
41090,EPAUA,Čs. Armády,Pardubice - Dukla,15.763548851013184,50.0240364074707,239 m,SO2,oxid siřičitý,ug/m^3
41093,EPAUA,Čs. Armády,Pardubice - Dukla,15.763548851013184,50.0240364074707,239 m,O3,přízemní ozon,ug/m^3
41101,EPAUA,Čs. Armády,Pardubice - Dukla,15.763548851013184,50.0240364074707,239 m,PM2_5,"jemné částice PM2,5",ug/m^3
41095,EPAUA,Čs. Armády,Pardubice - Dukla,15.763548851013184,50.0240364074707,239 m,PM10,částice PM10,ug/m^3
1648634,EPAUA,Čs. Armády,Pardubice - Dukla,15.763548851013184,50.0240364074707,239 m,INDX,Index kvality ovzduší,
188512,ULOMA,,,13.673418045043945,50.58576583862305,265 m,SO2,oxid siřičitý,ug/m^3
188518,ULOMA,,,13.673418045043945,50.58576583862305,265 m,NO2,oxid dusičitý,ug/m^3
188521,ULOMA,,,13.673418045043945,50.58576583862305,265 m,NOx,oxidy dusíku,ug/m^3
188524,ULOMA,,,13.673418045043945,50.58576583862305,265 m,O3,přízemní ozon,ug/m^3
1337363,ULOMA,,,13.673418045043945,50.58576583862305,265 m,PM2_5,"jemné částice PM2,5",ug/m^3
188527,ULOMA,,,13.673418045043945,50.58576583862305,265 m,PM10,částice PM10,ug/m^3
1648430,ULOMA,,,13.673418045043945,50.58576583862305,265 m,INDX,Index kvality ovzduší,
783575,AREPA,,,14.429220199584961,50.08806610107422,190 m,NO2,oxid dusičitý,ug/m^3
783579,AREPA,,,14.429220199584961,50.08806610107422,190 m,NOx,oxidy dusíku,ug/m^3
783591,AREPA,,,14.429220199584961,50.08806610107422,190 m,PM10,částice PM10,ug/m^3
1648334,AREPA,,,14.429220199584961,50.08806610107422,190 m,INDX,Index kvality ovzduší,
1379571,MBELA,Bělotín 2,Bělotín,17.80422019958496,49.58708190917969,306 m,PM2_5,"jemné částice PM2,5",ug/m^3
1379567,MBELA,Bělotín 2,Bělotín,17.80422019958496,49.58708190917969,306 m,PM10,částice PM10,ug/m^3
1648706,MBELA,Bělotín 2,Bělotín,17.80422019958496,49.58708190917969,306 m,INDX,Index kvality ovzduší,
1659405,LUHLA,,Uhelná,14.902449607849121,50.866233825683594,330 m,PM2_5,"jemné částice PM2,5",ug/m^3
1659400,LUHLA,,Uhelná,14.902449607849121,50.866233825683594,330 m,PM10,částice PM10,ug/m^3
2140479,TLHOA,MS Lysá hora,Pražmo,18.447389602661133,49.54609298706055,1323 m,SO2,oxid siřičitý,ug/m^3
2140455,TLHOA,MS Lysá hora,Pražmo,18.447389602661133,49.54609298706055,1323 m,NO2,oxid dusičitý,ug/m^3
2140459,TLHOA,MS Lysá hora,Pražmo,18.447389602661133,49.54609298706055,1323 m,NOx,oxidy dusíku,ug/m^3
2140463,TLHOA,MS Lysá hora,Pražmo,18.447389602661133,49.54609298706055,1323 m,O3,přízemní ozon,ug/m^3
2187315,TLHOA,MS Lysá hora,Pražmo,18.447389602661133,49.54609298706055,1323 m,PM2_5,"jemné částice PM2,5",ug/m^3
2187304,TLHOA,MS Lysá hora,Pražmo,18.447389602661133,49.54609298706055,1323 m,PM10,částice PM10,ug/m^3
40630,TKARA,Leonovova,Karviná,18.55145263671875,49.86379623413086,238 m,SO2,oxid siřičitý,ug/m^3
40632,TKARA,Leonovova,Karviná,18.55145263671875,49.86379623413086,238 m,NO2,oxid dusičitý,ug/m^3
40634,TKARA,Leonovova,Karviná,18.55145263671875,49.86379623413086,238 m,NOx,oxidy dusíku,ug/m^3
1366434,TKARA,Leonovova,Karviná,18.55145263671875,49.86379623413086,238 m,PM2_5,"jemné částice PM2,5",ug/m^3
40635,TKARA,Leonovova,Karviná,18.55145263671875,49.86379623413086,238 m,PM10,částice PM10,ug/m^3
1648694,TKARA,Leonovova,Karviná,18.55145263671875,49.86379623413086,238 m,INDX,Index kvality ovzduší,
40693,MJESA,lázeňská promenáda,Jeseník,17.1901798248291,50.24224090576172,625 m,SO2,oxid siřičitý,ug/m^3
40695,MJESA,lázeňská promenáda,Jeseník,17.1901798248291,50.24224090576172,625 m,NO2,oxid dusičitý,ug/m^3
40697,MJESA,lázeňská promenáda,Jeseník,17.1901798248291,50.24224090576172,625 m,NOx,oxidy dusíku,ug/m^3
40696,MJESA,lázeňská promenáda,Jeseník,17.1901798248291,50.24224090576172,625 m,O3,přízemní ozon,ug/m^3
40698,MJESA,lázeňská promenáda,Jeseník,17.1901798248291,50.24224090576172,625 m,PM10,částice PM10,ug/m^3
1648943,MJESA,lázeňská promenáda,Jeseník,17.1901798248291,50.24224090576172,625 m,INDX,Index kvality ovzduší,
41157,ALEGA,Legerov 1843,Praha 2,14.430672645568848,50.0723876953125,219 m,NO2,oxid dusičitý,ug/m^3
41156,ALEGA,Legerov 1843,Praha 2,14.430672645568848,50.0723876953125,219 m,NOx,oxidy dusíku,ug/m^3
41158,ALEGA,Legerov 1843,Praha 2,14.430672645568848,50.0723876953125,219 m,CO,oxid uhelnatý,ug/m^3
867419,ALEGA,Legerov 1843,Praha 2,14.430672645568848,50.0723876953125,219 m,PM2_5,"jemné částice PM2,5",ug/m^3
867416,ALEGA,Legerov 1843,Praha 2,14.430672645568848,50.0723876953125,219 m,PM10,částice PM10,ug/m^3
1648574,ALEGA,Legerov 1843,Praha 2,14.430672645568848,50.0723876953125,219 m,INDX,Index kvality ovzduší,
41238,AKALA,,,14.442049026489258,50.09423828125,203 m,NO2,oxid dusičitý,ug/m^3
41237,AKALA,,,14.442049026489258,50.09423828125,203 m,NOx,oxidy dusíku,ug/m^3
41236,AKALA,,,14.442049026489258,50.09423828125,203 m,PM10,částice PM10,ug/m^3
1648457,AKALA,,,14.442049026489258,50.09423828125,203 m,INDX,Index kvality ovzduší,
41252,AVYNA,,,14.503095626831055,50.111080169677734,219 m,NO2,oxid dusičitý,ug/m^3
41251,AVYNA,,,14.503095626831055,50.111080169677734,219 m,NOx,oxidy dusíku,ug/m^3
41249,AVYNA,,,14.503095626831055,50.111080169677734,219 m,O3,přízemní ozon,ug/m^3
41248,AVYNA,,,14.503095626831055,50.111080169677734,219 m,PM10,částice PM10,ug/m^3
1648370,AVYNA,,,14.503095626831055,50.111080169677734,219 m,INDX,Index kvality ovzduší,
188604,UULDA,Všebořická ,Ústí n. Labem,13.997873306274414,50.68312454223633,230 m,NO2,oxid dusičitý,ug/m^3
188601,UULDA,Všebořická ,Ústí n. Labem,13.997873306274414,50.68312454223633,230 m,NOx,oxidy dusíku,ug/m^3
496448,UULDA,Všebořická ,Ústí n. Labem,13.997873306274414,50.68312454223633,230 m,CO,oxid uhelnatý,ug/m^3
1366813,UULDA,Všebořická ,Ústí n. Labem,13.997873306274414,50.68312454223633,230 m,PM2_5,"jemné částice PM2,5",ug/m^3
1366805,UULDA,Všebořická ,Ústí n. Labem,13.997873306274414,50.68312454223633,230 m,PM10,částice PM10,ug/m^3
1648931,UULDA,Všebořická ,Ústí n. Labem,13.997873306274414,50.68312454223633,230 m,INDX,Index kvality ovzduší,
200399,TOCBA,Českobratrská,Ostrava 2,18.289976119995117,49.839847564697266,215 m,NO2,oxid dusičitý,ug/m^3
200402,TOCBA,Českobratrská,Ostrava 2,18.289976119995117,49.839847564697266,215 m,NOx,oxidy dusíku,ug/m^3
200405,TOCBA,Českobratrská,Ostrava 2,18.289976119995117,49.839847564697266,215 m,CO,oxid uhelnatý,ug/m^3
1369244,TOCBA,Českobratrská,Ostrava 2,18.289976119995117,49.839847564697266,215 m,PM2_5,"jemné částice PM2,5",ug/m^3
1369240,TOCBA,Českobratrská,Ostrava 2,18.289976119995117,49.839847564697266,215 m,PM10,částice PM10,ug/m^3
1648985,TOCBA,Českobratrská,Ostrava 2,18.289976119995117,49.839847564697266,215 m,INDX,Index kvality ovzduší,
40279,ALIBA,,,14.44593334197998,50.00730514526367,301 m,SO2,oxid siřičitý,ug/m^3
40281,ALIBA,,,14.44593334197998,50.00730514526367,301 m,NO2,oxid dusičitý,ug/m^3
40284,ALIBA,,,14.44593334197998,50.00730514526367,301 m,NOx,oxidy dusíku,ug/m^3
40282,ALIBA,,,14.44593334197998,50.00730514526367,301 m,CO,oxid uhelnatý,ug/m^3
40283,ALIBA,,,14.44593334197998,50.00730514526367,301 m,O3,přízemní ozon,ug/m^3
40288,ALIBA,,,14.44593334197998,50.00730514526367,301 m,PM2_5,"jemné částice PM2,5",ug/m^3
40285,ALIBA,,,14.44593334197998,50.00730514526367,301 m,PM10,částice PM10,ug/m^3
1648376,ALIBA,,,14.44593334197998,50.00730514526367,301 m,INDX,Index kvality ovzduší,
1636281,HPLOA,Sedloňov - Polom,Sedloňov,16.32272720336914,50.350563049316406,747 m,SO2,oxid siřičitý,ug/m^3
1101832,HPLOA,Sedloňov - Polom,Sedloňov,16.32272720336914,50.350563049316406,747 m,NO2,oxid dusičitý,ug/m^3
1101836,HPLOA,Sedloňov - Polom,Sedloňov,16.32272720336914,50.350563049316406,747 m,NOx,oxidy dusíku,ug/m^3
1101840,HPLOA,Sedloňov - Polom,Sedloňov,16.32272720336914,50.350563049316406,747 m,O3,přízemní ozon,ug/m^3
1101844,HPLOA,Sedloňov - Polom,Sedloňov,16.32272720336914,50.350563049316406,747 m,PM10,částice PM10,ug/m^3
1648664,HPLOA,Sedloňov - Polom,Sedloňov,16.32272720336914,50.350563049316406,747 m,INDX,Index kvality ovzduší,
1367303,LFRTA,,Frýdlant ,15.069816589355469,50.940650939941406,366 m,SO2,oxid siřičitý,ug/m^3
1367307,LFRTA,,Frýdlant ,15.069816589355469,50.940650939941406,366 m,O3,přízemní ozon,ug/m^3
1648517,LFRTA,,Frýdlant ,15.069816589355469,50.940650939941406,366 m,INDX,Index kvality ovzduší,
1022058,TOPOA,K Myslivně 3,Ostrava - Poruba,18.15927505493164,49.825294494628906,242 m,SO2,oxid siřičitý,ug/m^3
1022070,TOPOA,K Myslivně 3,Ostrava - Poruba,18.15927505493164,49.825294494628906,242 m,NO2,oxid dusičitý,ug/m^3
1022074,TOPOA,K Myslivně 3,Ostrava - Poruba,18.15927505493164,49.825294494628906,242 m,NOx,oxidy dusíku,ug/m^3
1845613,TOPOA,K Myslivně 3,Ostrava - Poruba,18.15927505493164,49.825294494628906,242 m,PM2_5,"jemné částice PM2,5",ug/m^3
1555918,TOPOA,K Myslivně 3,Ostrava - Poruba,18.15927505493164,49.825294494628906,242 m,PM10,částice PM10,ug/m^3
1648568,TOPOA,K Myslivně 3,Ostrava - Poruba,18.15927505493164,49.825294494628906,242 m,INDX,Index kvality ovzduší,
1366482,UDOKA,,Doksany 105,14.170162200927734,50.45885467529297,158 m,SO2,oxid siřičitý,ug/m^3
1366490,UDOKA,,Doksany 105,14.170162200927734,50.45885467529297,158 m,NO2,oxid dusičitý,ug/m^3
1366494,UDOKA,,Doksany 105,14.170162200927734,50.45885467529297,158 m,NOx,oxidy dusíku,ug/m^3
1366498,UDOKA,,Doksany 105,14.170162200927734,50.45885467529297,158 m,O3,přízemní ozon,ug/m^3
1648898,UDOKA,,Doksany 105,14.170162200927734,50.45885467529297,158 m,INDX,Index kvality ovzduší,
1730632,LHVIA,,Horní Vítkov,14.964162826538086,50.856048583984375,451 m,PM2_5,"jemné částice PM2,5",ug/m^3
1730640,LHVIA,,Horní Vítkov,14.964162826538086,50.856048583984375,451 m,PM10,částice PM10,ug/m^3
40736,CCBDA,Nerudova,České Budějovice,14.465683937072754,48.9843864440918,383 m,SO2,oxid siřičitý,ug/m^3
40738,CCBDA,Nerudova,České Budějovice,14.465683937072754,48.9843864440918,383 m,NO2,oxid dusičitý,ug/m^3
40741,CCBDA,Nerudova,České Budějovice,14.465683937072754,48.9843864440918,383 m,NOx,oxidy dusíku,ug/m^3
40740,CCBDA,Nerudova,České Budějovice,14.465683937072754,48.9843864440918,383 m,O3,přízemní ozon,ug/m^3
40743,CCBDA,Nerudova,České Budějovice,14.465683937072754,48.9843864440918,383 m,PM2_5,"jemné částice PM2,5",ug/m^3
40742,CCBDA,Nerudova,České Budějovice,14.465683937072754,48.9843864440918,383 m,PM10,částice PM10,ug/m^3
1649018,CCBDA,Nerudova,České Budějovice,14.465683937072754,48.9843864440918,383 m,INDX,Index kvality ovzduší,
2200581,HKRYA,Rýchorská bouda,Horní Maršov,15.850090026855469,50.660438537597656,1001 m,SO2,oxid siřičitý,ug/m^3
40771,HKRYA,Rýchorská bouda,Horní Maršov,15.850090026855469,50.660438537597656,1001 m,O3,přízemní ozon,ug/m^3
1648610,HKRYA,Rýchorská bouda,Horní Maršov,15.850090026855469,50.660438537597656,1001 m,INDX,Index kvality ovzduší,
40835,JKOSA,,,15.080278396606445,49.573394775390625,535 m,SO2,oxid siřičitý,ug/m^3
40837,JKOSA,,,15.080278396606445,49.573394775390625,535 m,NO2,oxid dusičitý,ug/m^3
40840,JKOSA,,,15.080278396606445,49.573394775390625,535 m,NOx,oxidy dusíku,ug/m^3
40838,JKOSA,,,15.080278396606445,49.573394775390625,535 m,CO,oxid uhelnatý,ug/m^3
40839,JKOSA,,,15.080278396606445,49.573394775390625,535 m,O3,přízemní ozon,ug/m^3
867316,JKOSA,,,15.080278396606445,49.573394775390625,535 m,PM2_5,"jemné částice PM2,5",ug/m^3
40841,JKOSA,,,15.080278396606445,49.573394775390625,535 m,PM10,částice PM10,ug/m^3
1648514,JKOSA,,,15.080278396606445,49.573394775390625,535 m,INDX,Index kvality ovzduší,
40902,CPRAA,,,14.000444412231445,49.01608657836914,583 m,NO2,oxid dusičitý,ug/m^3
40905,CPRAA,,,14.000444412231445,49.01608657836914,583 m,NOx,oxidy dusíku,ug/m^3
40904,CPRAA,,,14.000444412231445,49.01608657836914,583 m,O3,přízemní ozon,ug/m^3
987035,CPRAA,,,14.000444412231445,49.01608657836914,583 m,PM10,částice PM10,ug/m^3
1648466,CPRAA,,,14.000444412231445,49.01608657836914,583 m,INDX,Index kvality ovzduší,
188652,USNZA,,,14.086798667907715,50.78944396972656,590 m,SO2,oxid siřičitý,ug/m^3
188661,USNZA,,,14.086798667907715,50.78944396972656,590 m,NO2,oxid dusičitý,ug/m^3
188658,USNZA,,,14.086798667907715,50.78944396972656,590 m,NOx,oxidy dusíku,ug/m^3
188667,USNZA,,,14.086798667907715,50.78944396972656,590 m,O3,přízemní ozon,ug/m^3
1648424,USNZA,,,14.086798667907715,50.78944396972656,590 m,INDX,Index kvality ovzduší,
40331,UCHMA,Škroupova 1400,Chomutov,13.41269588470459,50.467529296875,344 m,PM10,částice PM10,ug/m^3
1648595,UCHMA,Škroupova 1400,Chomutov,13.41269588470459,50.467529296875,344 m,INDX,Index kvality ovzduší,
1502270,USTEA,Dlouhá x Lukešova,Štětí,14.374162673950195,50.45415496826172,155 m,SO2,oxid siřičitý,ug/m^3
1503270,USTEA,Dlouhá x Lukešova,Štětí,14.374162673950195,50.45415496826172,155 m,O3,přízemní ozon,ug/m^3
1503284,USTEA,Dlouhá x Lukešova,Štětí,14.374162673950195,50.45415496826172,155 m,PM2_5,"jemné částice PM2,5",ug/m^3
1503280,USTEA,Dlouhá x Lukešova,Štětí,14.374162673950195,50.45415496826172,155 m,PM10,částice PM10,ug/m^3
1648412,USTEA,Dlouhá x Lukešova,Štětí,14.374162673950195,50.45415496826172,155 m,INDX,Index kvality ovzduší,
1802155,CTACA,Soběslavská x Sezimova,Tábor,14.684839248657227,49.405059814453125,443 m,NO2,oxid dusičitý,ug/m^3
1802160,CTACA,Soběslavská x Sezimova,Tábor,14.684839248657227,49.405059814453125,443 m,NOx,oxidy dusíku,ug/m^3
1802139,CTACA,Soběslavská x Sezimova,Tábor,14.684839248657227,49.405059814453125,443 m,CO,oxid uhelnatý,ug/m^3
1802164,CTACA,Soběslavská x Sezimova,Tábor,14.684839248657227,49.405059814453125,443 m,O3,přízemní ozon,ug/m^3
1802168,CTACA,Soběslavská x Sezimova,Tábor,14.684839248657227,49.405059814453125,443 m,PM10,částice PM10,ug/m^3
1802207,CTACA,Soběslavská x Sezimova,Tábor,14.684839248657227,49.405059814453125,443 m,INDX,Index kvality ovzduší,
2053564,BKURA,Tyršova,Kuřim,16.538450241088867,49.298221588134766,284 m,SO2,oxid siřičitý,ug/m^3
2053504,BKURA,Tyršova,Kuřim,16.538450241088867,49.298221588134766,284 m,NO2,oxid dusičitý,ug/m^3
2053515,BKURA,Tyršova,Kuřim,16.538450241088867,49.298221588134766,284 m,NOx,oxidy dusíku,ug/m^3
2053466,BKURA,Tyršova,Kuřim,16.538450241088867,49.298221588134766,284 m,CO,oxid uhelnatý,ug/m^3
2053536,BKURA,Tyršova,Kuřim,16.538450241088867,49.298221588134766,284 m,PM2_5,"jemné částice PM2,5",ug/m^3
2053526,BKURA,Tyršova,Kuřim,16.538450241088867,49.298221588134766,284 m,PM10,částice PM10,ug/m^3
40507,LSOUA,"Desná 3, č.858",Souš-přehrada,15.319683074951172,50.78964614868164,771 m,O3,přízemní ozon,ug/m^3
1648964,LSOUA,"Desná 3, č.858",Souš-přehrada,15.319683074951172,50.78964614868164,771 m,INDX,Index kvality ovzduší,
40604,TCTNA,Slezská,Český Těšín,18.609725952148438,49.748958587646484,285 m,SO2,oxid siřičitý,ug/m^3
40606,TCTNA,Slezská,Český Těšín,18.609725952148438,49.748958587646484,285 m,NO2,oxid dusičitý,ug/m^3
40607,TCTNA,Slezská,Český Těšín,18.609725952148438,49.748958587646484,285 m,NOx,oxidy dusíku,ug/m^3
1365749,TCTNA,Slezská,Český Těšín,18.609725952148438,49.748958587646484,285 m,PM2_5,"jemné částice PM2,5",ug/m^3
40608,TCTNA,Slezská,Český Těšín,18.609725952148438,49.748958587646484,285 m,PM10,částice PM10,ug/m^3
1648319,TCTNA,Slezská,Český Těšín,18.609725952148438,49.748958587646484,285 m,INDX,Index kvality ovzduší,
40686,MPRRA,nám. Přerovského povstání,Přerov,17.454158782958984,49.451656341552734,210 m,SO2,oxid siřičitý,ug/m^3
40690,MPRRA,nám. Přerovského povstání,Přerov,17.454158782958984,49.451656341552734,210 m,O3,přízemní ozon,ug/m^3
1365769,MPRRA,nám. Přerovského povstání,Přerov,17.454158782958984,49.451656341552734,210 m,PM2_5,"jemné částice PM2,5",ug/m^3
40692,MPRRA,nám. Přerovského povstání,Přerov,17.454158782958984,49.451656341552734,210 m,PM10,částice PM10,ug/m^3
1648454,MPRRA,nám. Přerovského povstání,Přerov,17.454158782958984,49.451656341552734,210 m,INDX,Index kvality ovzduší,
40712,CCHUA,Churáňov 4,Stachy,13.614801406860352,49.06843566894531,1118 m,SO2,oxid siřičitý,ug/m^3
40714,CCHUA,Churáňov 4,Stachy,13.614801406860352,49.06843566894531,1118 m,NO2,oxid dusičitý,ug/m^3
40716,CCHUA,Churáňov 4,Stachy,13.614801406860352,49.06843566894531,1118 m,NOx,oxidy dusíku,ug/m^3
40715,CCHUA,Churáňov 4,Stachy,13.614801406860352,49.06843566894531,1118 m,O3,přízemní ozon,ug/m^3
1648586,CCHUA,Churáňov 4,Stachy,13.614801406860352,49.06843566894531,1118 m,INDX,Index kvality ovzduší,
40744,PPLVA,,,13.423380851745605,49.76861572265625,348 m,SO2,oxid siřičitý,ug/m^3
40746,PPLVA,,,13.423380851745605,49.76861572265625,348 m,NO2,oxid dusičitý,ug/m^3
40749,PPLVA,,,13.423380851745605,49.76861572265625,348 m,NOx,oxidy dusíku,ug/m^3
40748,PPLVA,,,13.423380851745605,49.76861572265625,348 m,O3,přízemní ozon,ug/m^3
1337515,PPLVA,,,13.423380851745605,49.76861572265625,348 m,PM2_5,"jemné částice PM2,5",ug/m^3
40750,PPLVA,,,13.423380851745605,49.76861572265625,348 m,PM10,částice PM10,ug/m^3
1648442,PPLVA,,,13.423380851745605,49.76861572265625,348 m,INDX,Index kvality ovzduší,
41008,EPAOA,Generála Svobody,Pardubice - Rosice,15.73941421508789,50.042198181152344,217 m,SO2,oxid siřičitý,ug/m^3
41010,EPAOA,Generála Svobody,Pardubice - Rosice,15.73941421508789,50.042198181152344,217 m,NO2,oxid dusičitý,ug/m^3
41012,EPAOA,Generála Svobody,Pardubice - Rosice,15.73941421508789,50.042198181152344,217 m,NOx,oxidy dusíku,ug/m^3
1648736,EPAOA,Generála Svobody,Pardubice - Rosice,15.73941421508789,50.042198181152344,217 m,INDX,Index kvality ovzduší,
41043,SKLMA,,,14.101783752441406,50.14385986328125,303 m,O3,přízemní ozon,ug/m^3
41050,SKLMA,,,14.101783752441406,50.14385986328125,303 m,PM2_5,"jemné částice PM2,5",ug/m^3
41045,SKLMA,,,14.101783752441406,50.14385986328125,303 m,PM10,částice PM10,ug/m^3
1648358,SKLMA,,,14.101783752441406,50.14385986328125,303 m,INDX,Index kvality ovzduší,
41056,SKLSA,Havlíčkovo nám.,Kladno,14.106047630310059,50.16741180419922,219 m,SO2,oxid siřičitý,ug/m^3
41058,SKLSA,Havlíčkovo nám.,Kladno,14.106047630310059,50.16741180419922,219 m,NO2,oxid dusičitý,ug/m^3
41059,SKLSA,Havlíčkovo nám.,Kladno,14.106047630310059,50.16741180419922,219 m,NOx,oxidy dusíku,ug/m^3
41060,SKLSA,Havlíčkovo nám.,Kladno,14.106047630310059,50.16741180419922,219 m,PM10,částice PM10,ug/m^3
1649039,SKLSA,Havlíčkovo nám.,Kladno,14.106047630310059,50.16741180419922,219 m,INDX,Index kvality ovzduší,
41145,ZUHRA,,,17.466848373413086,49.06795120239258,191 m,NO2,oxid dusičitý,ug/m^3
41144,ZUHRA,,,17.466848373413086,49.06795120239258,191 m,NOx,oxidy dusíku,ug/m^3
1005645,ZUHRA,,,17.466848373413086,49.06795120239258,191 m,CO,oxid uhelnatý,ug/m^3
41146,ZUHRA,,,17.466848373413086,49.06795120239258,191 m,PM10,částice PM10,ug/m^3
1648937,ZUHRA,,,17.466848373413086,49.06795120239258,191 m,INDX,Index kvality ovzduší,
41171,CKOCA,Kocelovice 83,Lnáře,13.837455749511719,49.4672737121582,519 m,O3,přízemní ozon,ug/m^3
1648835,CKOCA,Kocelovice 83,Lnáře,13.837455749511719,49.4672737121582,519 m,INDX,Index kvality ovzduší,
41241,ASTOA,,,14.331413269042969,50.0461311340332,309 m,O3,přízemní ozon,ug/m^3
867319,ASTOA,,,14.331413269042969,50.0461311340332,309 m,PM2_5,"jemné částice PM2,5",ug/m^3
41242,ASTOA,,,14.331413269042969,50.0461311340332,309 m,PM10,částice PM10,ug/m^3
1648355,ASTOA,,,14.331413269042969,50.0461311340332,309 m,INDX,Index kvality ovzduší,
194111,APRUA,,,14.537819862365723,50.06229782104492,267 m,NO2,oxid dusičitý,ug/m^3
194114,APRUA,,,14.537819862365723,50.06229782104492,267 m,NOx,oxidy dusíku,ug/m^3
194125,APRUA,,,14.537819862365723,50.06229782104492,267 m,PM10,částice PM10,ug/m^3
1648970,APRUA,,,14.537819862365723,50.06229782104492,267 m,INDX,Index kvality ovzduší,
40406,UULKA,Kočkovská 18,Ústí n. Labem,14.041194915771484,50.68352508544922,367 m,SO2,oxid siřičitý,ug/m^3
40408,UULKA,Kočkovská 18,Ústí n. Labem,14.041194915771484,50.68352508544922,367 m,NO2,oxid dusičitý,ug/m^3
40411,UULKA,Kočkovská 18,Ústí n. Labem,14.041194915771484,50.68352508544922,367 m,NOx,oxidy dusíku,ug/m^3
40410,UULKA,Kočkovská 18,Ústí n. Labem,14.041194915771484,50.68352508544922,367 m,O3,přízemní ozon,ug/m^3
40419,UULKA,Kočkovská 18,Ústí n. Labem,14.041194915771484,50.68352508544922,367 m,PM2_5,"jemné částice PM2,5",ug/m^3
40412,UULKA,Kočkovská 18,Ústí n. Labem,14.041194915771484,50.68352508544922,367 m,PM10,částice PM10,ug/m^3
1648856,UULKA,Kočkovská 18,Ústí n. Labem,14.041194915771484,50.68352508544922,367 m,INDX,Index kvality ovzduší,
1369845,EMTPA,,,16.66672134399414,49.758995056152344,350 m,NO2,oxid dusičitý,ug/m^3
1369849,EMTPA,,,16.66672134399414,49.758995056152344,350 m,NOx,oxidy dusíku,ug/m^3
1369857,EMTPA,,,16.66672134399414,49.758995056152344,350 m,PM2_5,"jemné částice PM2,5",ug/m^3
1369853,EMTPA,,,16.66672134399414,49.758995056152344,350 m,PM10,částice PM10,ug/m^3
1648385,EMTPA,,,16.66672134399414,49.758995056152344,350 m,INDX,Index kvality ovzduší,
1193925,BBDNA,FN Brno - Dětská nemocnice,Brno,16.616287231445312,49.20272445678711,225 m,NO2,oxid dusičitý,ug/m^3
1193929,BBDNA,FN Brno - Dětská nemocnice,Brno,16.616287231445312,49.20272445678711,225 m,NOx,oxidy dusíku,ug/m^3
1193933,BBDNA,FN Brno - Dětská nemocnice,Brno,16.616287231445312,49.20272445678711,225 m,O3,přízemní ozon,ug/m^3
1316708,BBDNA,FN Brno - Dětská nemocnice,Brno,16.616287231445312,49.20272445678711,225 m,PM2_5,"jemné částice PM2,5",ug/m^3
1193937,BBDNA,FN Brno - Dětská nemocnice,Brno,16.616287231445312,49.20272445678711,225 m,PM10,částice PM10,ug/m^3
1648286,BBDNA,FN Brno - Dětská nemocnice,Brno,16.616287231445312,49.20272445678711,225 m,INDX,Index kvality ovzduší,
1369063,ZVMZA,ZŠ Křižná,Valšské Meziříčí,17.966976165771484,49.4720573425293,290 m,PM2_5,"jemné částice PM2,5",ug/m^3
1369059,ZVMZA,ZŠ Křižná,Valšské Meziříčí,17.966976165771484,49.4720573425293,290 m,PM10,částice PM10,ug/m^3
1648592,ZVMZA,ZŠ Křižná,Valšské Meziříčí,17.966976165771484,49.4720573425293,290 m,INDX,Index kvality ovzduší,
1456892,SPBRA,,,13.991222381591797,49.67631530761719,512 m,NO2,oxid dusičitý,ug/m^3
1456898,SPBRA,,,13.991222381591797,49.67631530761719,512 m,NOx,oxidy dusíku,ug/m^3
1456903,SPBRA,,,13.991222381591797,49.67631530761719,512 m,PM10,částice PM10,ug/m^3
1648973,SPBRA,,,13.991222381591797,49.67631530761719,512 m,INDX,Index kvality ovzduší,
1668652,AHOLA,,,14.443650245666504,50.10884475708008,185 m,NO2,oxid dusičitý,ug/m^3
1668661,AHOLA,,,14.443650245666504,50.10884475708008,185 m,NOx,oxidy dusíku,ug/m^3
1668670,AHOLA,,,14.443650245666504,50.10884475708008,185 m,PM2_5,"jemné částice PM2,5",ug/m^3
1668680,AHOLA,,,14.443650245666504,50.10884475708008,185 m,PM10,částice PM10,ug/m^3
40522,LCLMA,Okružní,Česká Lípa,14.537344932556152,50.69804382324219,299 m,PM10,částice PM10,ug/m^3
1648976,LCLMA,Okružní,Česká Lípa,14.537344932556152,50.69804382324219,299 m,INDX,Index kvality ovzduší,
40528,KSOMA,Švabinského 1702,Sokolov,12.672818183898926,50.17282485961914,476 m,SO2,oxid siřičitý,ug/m^3
40530,KSOMA,Švabinského 1702,Sokolov,12.672818183898926,50.17282485961914,476 m,NO2,oxid dusičitý,ug/m^3
40533,KSOMA,Švabinského 1702,Sokolov,12.672818183898926,50.17282485961914,476 m,NOx,oxidy dusíku,ug/m^3
40532,KSOMA,Švabinského 1702,Sokolov,12.672818183898926,50.17282485961914,476 m,O3,přízemní ozon,ug/m^3
40541,KSOMA,Švabinského 1702,Sokolov,12.672818183898926,50.17282485961914,476 m,PM2_5,"jemné částice PM2,5",ug/m^3
40534,KSOMA,Švabinského 1702,Sokolov,12.672818183898926,50.17282485961914,476 m,PM10,částice PM10,ug/m^3
1648763,KSOMA,Švabinského 1702,Sokolov,12.672818183898926,50.17282485961914,476 m,INDX,Index kvality ovzduší,
40799,JKMYA,,,15.439047813415527,49.15915298461914,569 m,O3,přízemní ozon,ug/m^3
1648928,JKMYA,,,15.439047813415527,49.15915298461914,569 m,INDX,Index kvality ovzduší,
248573,BKUCA,,,16.085817337036133,48.88135528564453,334 m,O3,přízemní ozon,ug/m^3
1648463,BKUCA,,,16.085817337036133,48.88135528564453,334 m,INDX,Index kvality ovzduší,
40815,ZSNVA,,,18.007827758789062,49.04781723022461,600 m,O3,přízemní ozon,ug/m^3
1648295,ZSNVA,,,18.007827758789062,49.04781723022461,600 m,INDX,Index kvality ovzduší,
1696550,JTREA,,,15.865777969360352,49.22343826293945,462 m,O3,přízemní ozon,ug/m^3
41151,JTREA,,,15.865777969360352,49.22343826293945,462 m,PM10,částice PM10,ug/m^3
1648571,JTREA,,,15.865777969360352,49.22343826293945,462 m,INDX,Index kvality ovzduší,
41224,ZZLNA,,,17.66717529296875,49.232906341552734,258 m,SO2,oxid siřičitý,ug/m^3
41227,ZZLNA,,,17.66717529296875,49.232906341552734,258 m,NO2,oxid dusičitý,ug/m^3
41226,ZZLNA,,,17.66717529296875,49.232906341552734,258 m,NOx,oxidy dusíku,ug/m^3
199772,ZZLNA,,,17.66717529296875,49.232906341552734,258 m,O3,přízemní ozon,ug/m^3
41229,ZZLNA,,,17.66717529296875,49.232906341552734,258 m,PM2_5,"jemné částice PM2,5",ug/m^3
41228,ZZLNA,,,17.66717529296875,49.232906341552734,258 m,PM10,částice PM10,ug/m^3
1648838,ZZLNA,,,17.66717529296875,49.232906341552734,258 m,INDX,Index kvality ovzduší,
40244,HHKOK,"ČHMÚ, Hvězdárna 456",Hradec Králové 8,15.838390350341797,50.17763137817383,276 m,O3,přízemní ozon,ug/m^3
1648673,HHKOK,"ČHMÚ, Hvězdárna 456",Hradec Králové 8,15.838390350341797,50.17763137817383,276 m,INDX,Index kvality ovzduší,
40308,AKOBA,,,14.467577934265137,50.122188568115234,269 m,NO2,oxid dusičitý,ug/m^3
40310,AKOBA,,,14.467577934265137,50.122188568115234,269 m,NOx,oxidy dusíku,ug/m^3
40309,AKOBA,,,14.467577934265137,50.122188568115234,269 m,O3,přízemní ozon,ug/m^3
40311,AKOBA,,,14.467577934265137,50.122188568115234,269 m,PM10,částice PM10,ug/m^3
1648703,AKOBA,,,14.467577934265137,50.122188568115234,269 m,INDX,Index kvality ovzduší,
1369660,SRORA,Ruská,Rožďalovice,15.178302764892578,50.30198287963867,198 m,SO2,oxid siřičitý,ug/m^3
1369672,SRORA,Ruská,Rožďalovice,15.178302764892578,50.30198287963867,198 m,NO2,oxid dusičitý,ug/m^3
1369676,SRORA,Ruská,Rožďalovice,15.178302764892578,50.30198287963867,198 m,NOx,oxidy dusíku,ug/m^3
1369684,SRORA,Ruská,Rožďalovice,15.178302764892578,50.30198287963867,198 m,PM2_5,"jemné částice PM2,5",ug/m^3
1369680,SRORA,Ruská,Rožďalovice,15.178302764892578,50.30198287963867,198 m,PM10,částice PM10,ug/m^3
1648478,SRORA,Ruská,Rožďalovice,15.178302764892578,50.30198287963867,198 m,INDX,Index kvality ovzduší,
1369608,HTRTA,Tkalcovská,Trutnov,15.903926849365234,50.565879821777344,432 m,PM10,částice PM10,ug/m^3
1648790,HTRTA,Tkalcovská,Trutnov,15.903926849365234,50.565879821777344,432 m,INDX,Index kvality ovzduší,
40542,KPRBA,,,12.61538028717041,50.37247848510742,904 m,SO2,oxid siřičitý,ug/m^3
40544,KPRBA,,,12.61538028717041,50.37247848510742,904 m,NO2,oxid dusičitý,ug/m^3
40546,KPRBA,,,12.61538028717041,50.37247848510742,904 m,NOx,oxidy dusíku,ug/m^3
40545,KPRBA,,,12.61538028717041,50.37247848510742,904 m,O3,přízemní ozon,ug/m^3
1648895,KPRBA,,,12.61538028717041,50.37247848510742,904 m,INDX,Index kvality ovzduší,
1632205,PPRMA,Přimda 248,Přimda,12.677884101867676,49.66958236694336,740 m,SO2,oxid siřičitý,ug/m^3
1632218,PPRMA,Přimda 248,Přimda,12.677884101867676,49.66958236694336,740 m,NO2,oxid dusičitý,ug/m^3
1632225,PPRMA,Přimda 248,Přimda,12.677884101867676,49.66958236694336,740 m,NOx,oxidy dusíku,ug/m^3
40708,PPRMA,Přimda 248,Přimda,12.677884101867676,49.66958236694336,740 m,O3,přízemní ozon,ug/m^3
1648955,PPRMA,Přimda 248,Přimda,12.677884101867676,49.66958236694336,740 m,INDX,Index kvality ovzduší,
40792,BBNYA,,,16.696216583251953,49.14897155761719,241 m,SO2,oxid siřičitý,ug/m^3
40794,BBNYA,,,16.696216583251953,49.14897155761719,241 m,NO2,oxid dusičitý,ug/m^3
40796,BBNYA,,,16.696216583251953,49.14897155761719,241 m,NOx,oxidy dusíku,ug/m^3
40795,BBNYA,,,16.696216583251953,49.14897155761719,241 m,O3,přízemní ozon,ug/m^3
40798,BBNYA,,,16.696216583251953,49.14897155761719,241 m,PM2_5,"jemné částice PM2,5",ug/m^3
40797,BBNYA,,,16.696216583251953,49.14897155761719,241 m,PM10,částice PM10,ug/m^3
1648361,BBNYA,,,16.696216583251953,49.14897155761719,241 m,INDX,Index kvality ovzduší,
41181,HHKBA,Brněnská,Hradec Králové,15.846376419067383,50.19536209106445,232 m,NO2,oxid dusičitý,ug/m^3
41182,HHKBA,Brněnská,Hradec Králové,15.846376419067383,50.19536209106445,232 m,NOx,oxidy dusíku,ug/m^3
41172,HHKBA,Brněnská,Hradec Králové,15.846376419067383,50.19536209106445,232 m,CO,oxid uhelnatý,ug/m^3
41179,HHKBA,Brněnská,Hradec Králové,15.846376419067383,50.19536209106445,232 m,PM2_5,"jemné částice PM2,5",ug/m^3
41180,HHKBA,Brněnská,Hradec Králové,15.846376419067383,50.19536209106445,232 m,PM10,částice PM10,ug/m^3
1648619,HHKBA,Brněnská,Hradec Králové,15.846376419067383,50.19536209106445,232 m,INDX,Index kvality ovzduší,
40238,ASUCA,AV ČR,Praha 6-Suchdol,14.384638786315918,50.126529693603516,277 m,O3,přízemní ozon,ug/m^3
40237,ASUCA,AV ČR,Praha 6-Suchdol,14.384638786315918,50.126529693603516,277 m,PM10,částice PM10,ug/m^3
1648379,ASUCA,AV ČR,Praha 6-Suchdol,14.384638786315918,50.126529693603516,277 m,INDX,Index kvality ovzduší,
1022029,TCERA,MS Červená,Budišov nad Budišovkou,17.541946411132812,49.77714157104492,749 m,NO2,oxid dusičitý,ug/m^3
1022033,TCERA,MS Červená,Budišov nad Budišovkou,17.541946411132812,49.77714157104492,749 m,NOx,oxidy dusíku,ug/m^3
151340,TCERA,MS Červená,Budišov nad Budišovkou,17.541946411132812,49.77714157104492,749 m,O3,přízemní ozon,ug/m^3
1648997,TCERA,MS Červená,Budišov nad Budišovkou,17.541946411132812,49.77714157104492,749 m,INDX,Index kvality ovzduší,
212831,UULMA,Dlouhá,Ústí n. Labem,14.043063163757324,50.661094665527344,147 m,NO2,oxid dusičitý,ug/m^3
212828,UULMA,Dlouhá,Ústí n. Labem,14.043063163757324,50.661094665527344,147 m,NOx,oxidy dusíku,ug/m^3
212840,UULMA,Dlouhá,Ústí n. Labem,14.043063163757324,50.661094665527344,147 m,PM10,částice PM10,ug/m^3
1649021,UULMA,Dlouhá,Ústí n. Labem,14.043063163757324,50.661094665527344,147 m,INDX,Index kvality ovzduší,
765865,UTPMA,Koperníkova,Teplice,13.851249694824219,50.64527893066406,257 m,SO2,oxid siřičitý,ug/m^3
765847,UTPMA,Koperníkova,Teplice,13.851249694824219,50.64527893066406,257 m,O3,přízemní ozon,ug/m^3
765861,UTPMA,Koperníkova,Teplice,13.851249694824219,50.64527893066406,257 m,PM2_5,"jemné částice PM2,5",ug/m^3
765857,UTPMA,Koperníkova,Teplice,13.851249694824219,50.64527893066406,257 m,PM10,částice PM10,ug/m^3
1648391,UTPMA,Koperníkova,Teplice,13.851249694824219,50.64527893066406,257 m,INDX,Index kvality ovzduší,
40338,UTUSA,Meteorolog. observatoř Tušimice,Kadaň,13.327622413635254,50.3765869140625,322 m,SO2,oxid siřičitý,ug/m^3
40340,UTUSA,Meteorolog. observatoř Tušimice,Kadaň,13.327622413635254,50.3765869140625,322 m,NO2,oxid dusičitý,ug/m^3
40342,UTUSA,Meteorolog. observatoř Tušimice,Kadaň,13.327622413635254,50.3765869140625,322 m,NOx,oxidy dusíku,ug/m^3
40341,UTUSA,Meteorolog. observatoř Tušimice,Kadaň,13.327622413635254,50.3765869140625,322 m,O3,přízemní ozon,ug/m^3
1337378,UTUSA,Meteorolog. observatoř Tušimice,Kadaň,13.327622413635254,50.3765869140625,322 m,PM2_5,"jemné částice PM2,5",ug/m^3
40343,UTUSA,Meteorolog. observatoř Tušimice,Kadaň,13.327622413635254,50.3765869140625,322 m,PM10,částice PM10,ug/m^3
1648862,UTUSA,Meteorolog. observatoř Tušimice,Kadaň,13.327622413635254,50.3765869140625,322 m,INDX,Index kvality ovzduší,
10221,UMOMA,U Stadionu,Most,13.645272254943848,50.5103645324707,221 m,SO2,oxid siřičitý,ug/m^3
40352,UMOMA,U Stadionu,Most,13.645272254943848,50.5103645324707,221 m,NO2,oxid dusičitý,ug/m^3
40355,UMOMA,U Stadionu,Most,13.645272254943848,50.5103645324707,221 m,NOx,oxidy dusíku,ug/m^3
40354,UMOMA,U Stadionu,Most,13.645272254943848,50.5103645324707,221 m,O3,přízemní ozon,ug/m^3
40369,UMOMA,U Stadionu,Most,13.645272254943848,50.5103645324707,221 m,PM2_5,"jemné částice PM2,5",ug/m^3
40356,UMOMA,U Stadionu,Most,13.645272254943848,50.5103645324707,221 m,PM10,částice PM10,ug/m^3
1648760,UMOMA,U Stadionu,Most,13.645272254943848,50.5103645324707,221 m,INDX,Index kvality ovzduší,
1369004,ZTNVA,,,17.410560607910156,49.25939178466797,280 m,SO2,oxid siřičitý,ug/m^3
1369012,ZTNVA,,,17.410560607910156,49.25939178466797,280 m,NO2,oxid dusičitý,ug/m^3
1369016,ZTNVA,,,17.410560607910156,49.25939178466797,280 m,NOx,oxidy dusíku,ug/m^3
1369020,ZTNVA,,,17.410560607910156,49.25939178466797,280 m,O3,přízemní ozon,ug/m^3
1368996,ZTNVA,,,17.410560607910156,49.25939178466797,280 m,PM2_5,"jemné částice PM2,5",ug/m^3
1368992,ZTNVA,,,17.410560607910156,49.25939178466797,280 m,PM10,částice PM10,ug/m^3
1648316,ZTNVA,,,17.410560607910156,49.25939178466797,280 m,INDX,Index kvality ovzduší,
1367168,LLILA,Krejčího,Liberec Rochlice,15.069967269897461,50.75510025024414,422 m,SO2,oxid siřičitý,ug/m^3
1367180,LLILA,Krejčího,Liberec Rochlice,15.069967269897461,50.75510025024414,422 m,NO2,oxid dusičitý,ug/m^3
1367184,LLILA,Krejčího,Liberec Rochlice,15.069967269897461,50.75510025024414,422 m,NOx,oxidy dusíku,ug/m^3
1367188,LLILA,Krejčího,Liberec Rochlice,15.069967269897461,50.75510025024414,422 m,O3,přízemní ozon,ug/m^3
1367196,LLILA,Krejčího,Liberec Rochlice,15.069967269897461,50.75510025024414,422 m,PM2_5,"jemné částice PM2,5",ug/m^3
1367192,LLILA,Krejčího,Liberec Rochlice,15.069967269897461,50.75510025024414,422 m,PM10,částice PM10,ug/m^3
1648820,LLILA,Krejčího,Liberec Rochlice,15.069967269897461,50.75510025024414,422 m,INDX,Index kvality ovzduší,
2180947,PPLXA,Koterovská,Plzeň,13.402313232421875,49.732444763183594,340 m,SO2,oxid siřičitý,ug/m^3
2180919,PPLXA,Koterovská,Plzeň,13.402313232421875,49.732444763183594,340 m,NO2,oxid dusičitý,ug/m^3
2180923,PPLXA,Koterovská,Plzeň,13.402313232421875,49.732444763183594,340 m,NOx,oxidy dusíku,ug/m^3
2180883,PPLXA,Koterovská,Plzeň,13.402313232421875,49.732444763183594,340 m,CO,oxid uhelnatý,ug/m^3
2181056,PPLXA,Koterovská,Plzeň,13.402313232421875,49.732444763183594,340 m,O3,přízemní ozon,ug/m^3
2180935,PPLXA,Koterovská,Plzeň,13.402313232421875,49.732444763183594,340 m,O3,přízemní ozon,ug/m^3
2180943,PPLXA,Koterovská,Plzeň,13.402313232421875,49.732444763183594,340 m,PM2_5,"jemné částice PM2,5",ug/m^3
2180939,PPLXA,Koterovská,Plzeň,13.402313232421875,49.732444763183594,340 m,PM10,částice PM10,ug/m^3
2209091,PPLXA,Koterovská,Plzeň,13.402313232421875,49.732444763183594,340 m,SO2,oxid siřičitý,ug/m^3
2181003,PPLXA,Koterovská,Plzeň,13.402313232421875,49.732444763183594,340 m,NO2,oxid dusičitý,ug/m^3
2181012,PPLXA,Koterovská,Plzeň,13.402313232421875,49.732444763183594,340 m,NOx,oxidy dusíku,ug/m^3
2181052,PPLXA,Koterovská,Plzeň,13.402313232421875,49.732444763183594,340 m,CO,oxid uhelnatý,ug/m^3
2181020,PPLXA,Koterovská,Plzeň,13.402313232421875,49.732444763183594,340 m,PM2_5,"jemné částice PM2,5",ug/m^3
2181016,PPLXA,Koterovská,Plzeň,13.402313232421875,49.732444763183594,340 m,PM10,částice PM10,ug/m^3
1508645,SKHOA,Orebitská,Kutná Hora,15.260360717773438,49.95047378540039,290 m,NO2,oxid dusičitý,ug/m^3
1508652,SKHOA,Orebitská,Kutná Hora,15.260360717773438,49.95047378540039,290 m,NOx,oxidy dusíku,ug/m^3
1508667,SKHOA,Orebitská,Kutná Hora,15.260360717773438,49.95047378540039,290 m,PM2_5,"jemné částice PM2,5",ug/m^3
1508659,SKHOA,Orebitská,Kutná Hora,15.260360717773438,49.95047378540039,290 m,PM10,částice PM10,ug/m^3
1648451,SKHOA,Orebitská,Kutná Hora,15.260360717773438,49.95047378540039,290 m,INDX,Index kvality ovzduší,
40448,UDCMA,Ve Vilách,Děčín,14.218793869018555,50.77415084838867,131 m,NO2,oxid dusičitý,ug/m^3
40450,UDCMA,Ve Vilách,Děčín,14.218793869018555,50.77415084838867,131 m,NOx,oxidy dusíku,ug/m^3
1337358,UDCMA,Ve Vilách,Děčín,14.218793869018555,50.77415084838867,131 m,PM2_5,"jemné částice PM2,5",ug/m^3
40451,UDCMA,Ve Vilách,Děčín,14.218793869018555,50.77415084838867,131 m,PM10,částice PM10,ug/m^3
1648646,UDCMA,Ve Vilách,Děčín,14.218793869018555,50.77415084838867,131 m,INDX,Index kvality ovzduší,
1366443,THARA,U Nádraží,Havířov,18.406835556030273,49.790977478027344,260 m,PM2_5,"jemné částice PM2,5",ug/m^3
40626,THARA,U Nádraží,Havířov,18.406835556030273,49.790977478027344,260 m,PM10,částice PM10,ug/m^3
1648373,THARA,U Nádraží,Havířov,18.406835556030273,49.790977478027344,260 m,INDX,Index kvality ovzduší,
40658,TSTDA,Družstevní,Studénka,18.089305877685547,49.7209358215332,231 m,SO2,oxid siřičitý,ug/m^3
40660,TSTDA,Družstevní,Studénka,18.089305877685547,49.7209358215332,231 m,NO2,oxid dusičitý,ug/m^3
40662,TSTDA,Družstevní,Studénka,18.089305877685547,49.7209358215332,231 m,NOx,oxidy dusíku,ug/m^3
1505800,TSTDA,Družstevní,Studénka,18.089305877685547,49.7209358215332,231 m,CO,oxid uhelnatý,ug/m^3
40661,TSTDA,Družstevní,Studénka,18.089305877685547,49.7209358215332,231 m,O3,přízemní ozon,ug/m^3
867884,TSTDA,Družstevní,Studénka,18.089305877685547,49.7209358215332,231 m,PM2_5,"jemné částice PM2,5",ug/m^3
40663,TSTDA,Družstevní,Studénka,18.089305877685547,49.7209358215332,231 m,PM10,částice PM10,ug/m^3
1648814,TSTDA,Družstevní,Studénka,18.089305877685547,49.7209358215332,231 m,INDX,Index kvality ovzduší,
40721,CHVOA,,,14.723381996154785,48.72419738769531,818 m,O3,přízemní ozon,ug/m^3
1337502,CHVOA,,,14.723381996154785,48.72419738769531,818 m,PM10,částice PM10,ug/m^3
1648685,CHVOA,,,14.723381996154785,48.72419738769531,818 m,INDX,Index kvality ovzduší,
40817,BMISA,,,16.724496841430664,48.79176712036133,245 m,SO2,oxid siřičitý,ug/m^3
40819,BMISA,,,16.724496841430664,48.79176712036133,245 m,NO2,oxid dusičitý,ug/m^3
40821,BMISA,,,16.724496841430664,48.79176712036133,245 m,NOx,oxidy dusíku,ug/m^3
40820,BMISA,,,16.724496841430664,48.79176712036133,245 m,O3,přízemní ozon,ug/m^3
849536,BMISA,,,16.724496841430664,48.79176712036133,245 m,PM2_5,"jemné částice PM2,5",ug/m^3
40822,BMISA,,,16.724496841430664,48.79176712036133,245 m,PM10,částice PM10,ug/m^3
1648325,BMISA,,,16.724496841430664,48.79176712036133,245 m,INDX,Index kvality ovzduší,
40918,URVHA,,,13.419506072998047,50.579833984375,840 m,O3,přízemní ozon,ug/m^3
40920,URVHA,,,13.419506072998047,50.579833984375,840 m,PM10,částice PM10,ug/m^3
1648502,URVHA,,,13.419506072998047,50.579833984375,840 m,INDX,Index kvality ovzduší,
40992,TOPRA,Na Mlýnici,Ostrava - Přívoz,18.26974105834961,49.856258392333984,207 m,SO2,oxid siřičitý,ug/m^3
40994,TOPRA,Na Mlýnici,Ostrava - Přívoz,18.26974105834961,49.856258392333984,207 m,NO2,oxid dusičitý,ug/m^3
40996,TOPRA,Na Mlýnici,Ostrava - Přívoz,18.26974105834961,49.856258392333984,207 m,NOx,oxidy dusíku,ug/m^3
41007,TOPRA,Na Mlýnici,Ostrava - Přívoz,18.26974105834961,49.856258392333984,207 m,PM2_5,"jemné částice PM2,5",ug/m^3
40997,TOPRA,Na Mlýnici,Ostrava - Přívoz,18.26974105834961,49.856258392333984,207 m,PM10,částice PM10,ug/m^3
1648700,TOPRA,Na Mlýnici,Ostrava - Přívoz,18.26974105834961,49.856258392333984,207 m,INDX,Index kvality ovzduší,
40257,ARIEA,,,14.442691802978516,50.08148193359375,256 m,SO2,oxid siřičitý,ug/m^3
40259,ARIEA,,,14.442691802978516,50.08148193359375,256 m,NO2,oxid dusičitý,ug/m^3
40260,ARIEA,,,14.442691802978516,50.08148193359375,256 m,NOx,oxidy dusíku,ug/m^3
848786,ARIEA,,,14.442691802978516,50.08148193359375,256 m,O3,přízemní ozon,ug/m^3
867322,ARIEA,,,14.442691802978516,50.08148193359375,256 m,PM2_5,"jemné částice PM2,5",ug/m^3
40261,ARIEA,,,14.442691802978516,50.08148193359375,256 m,PM10,částice PM10,ug/m^3
1648829,ARIEA,,,14.442691802978516,50.08148193359375,256 m,INDX,Index kvality ovzduší,
1635658,AVRSA,,,14.446151733398438,50.066429138183594,201 m,NO2,oxid dusičitý,ug/m^3
1635663,AVRSA,,,14.446151733398438,50.066429138183594,201 m,NOx,oxidy dusíku,ug/m^3
40316,AVRSA,,,14.446151733398438,50.066429138183594,201 m,PM10,částice PM10,ug/m^3
1648598,AVRSA,,,14.446151733398438,50.066429138183594,201 m,INDX,Index kvality ovzduší,
919418,MOLJA,Tomkova 314/45,Olomouc - Hejčín,17.238073348999023,49.601463317871094,224 m,NO2,oxid dusičitý,ug/m^3
919422,MOLJA,Tomkova 314/45,Olomouc - Hejčín,17.238073348999023,49.601463317871094,224 m,NOx,oxidy dusíku,ug/m^3
1675257,MOLJA,Tomkova 314/45,Olomouc - Hejčín,17.238073348999023,49.601463317871094,224 m,O3,přízemní ozon,ug/m^3
919426,MOLJA,Tomkova 314/45,Olomouc - Hejčín,17.238073348999023,49.601463317871094,224 m,PM2_5,"jemné částice PM2,5",ug/m^3
919430,MOLJA,Tomkova 314/45,Olomouc - Hejčín,17.238073348999023,49.601463317871094,224 m,PM10,částice PM10,ug/m^3
1648352,MOLJA,Tomkova 314/45,Olomouc - Hejčín,17.238073348999023,49.601463317871094,224 m,INDX,Index kvality ovzduší,
1368852,BBNIA,,,16.678024291992188,49.21321105957031,340 m,PM2_5,"jemné částice PM2,5",ug/m^3
1368848,BBNIA,,,16.678024291992188,49.21321105957031,340 m,PM10,částice PM10,ug/m^3
1648616,BBNIA,,,16.678024291992188,49.21321105957031,340 m,INDX,Index kvality ovzduší,
1317399,ABREA,Šlikova,Praha 6,14.38011646270752,50.08438491821289,300 m,NO2,oxid dusičitý,ug/m^3
1317403,ABREA,Šlikova,Praha 6,14.38011646270752,50.08438491821289,300 m,NOx,oxidy dusíku,ug/m^3
1317407,ABREA,Šlikova,Praha 6,14.38011646270752,50.08438491821289,300 m,PM10,částice PM10,ug/m^3
1648433,ABREA,Šlikova,Praha 6,14.38011646270752,50.08438491821289,300 m,INDX,Index kvality ovzduší,
2105558,XHUSA,V zahradách 274,Hustopeče nad Bečvou,17.873207092285156,49.531837463378906,273 m,PM2_5,"jemné částice PM2,5",ug/m^3
2105547,XHUSA,V zahradách 274,Hustopeče nad Bečvou,17.873207092285156,49.531837463378906,273 m,PM10,částice PM10,ug/m^3
2181609,PPLLA,Sokolovská,Plzeň,13.368221282958984,49.77024841308594,360 m,SO2,oxid siřičitý,ug/m^3
2181589,PPLLA,Sokolovská,Plzeň,13.368221282958984,49.77024841308594,360 m,NO2,oxid dusičitý,ug/m^3
2181585,PPLLA,Sokolovská,Plzeň,13.368221282958984,49.77024841308594,360 m,NOx,oxidy dusíku,ug/m^3
2212084,PPLLA,Sokolovská,Plzeň,13.368221282958984,49.77024841308594,360 m,O3,přízemní ozon,ug/m^3
2181593,PPLLA,Sokolovská,Plzeň,13.368221282958984,49.77024841308594,360 m,O3,přízemní ozon,ug/m^3
2181605,PPLLA,Sokolovská,Plzeň,13.368221282958984,49.77024841308594,360 m,PM2_5,"jemné částice PM2,5",ug/m^3
2181601,PPLLA,Sokolovská,Plzeň,13.368221282958984,49.77024841308594,360 m,PM10,částice PM10,ug/m^3
2212028,PPLLA,Sokolovská,Plzeň,13.368221282958984,49.77024841308594,360 m,SO2,oxid siřičitý,ug/m^3
2212039,PPLLA,Sokolovská,Plzeň,13.368221282958984,49.77024841308594,360 m,NO2,oxid dusičitý,ug/m^3
2212051,PPLLA,Sokolovská,Plzeň,13.368221282958984,49.77024841308594,360 m,NOx,oxidy dusíku,ug/m^3
2212073,PPLLA,Sokolovská,Plzeň,13.368221282958984,49.77024841308594,360 m,PM2_5,"jemné částice PM2,5",ug/m^3
2212062,PPLLA,Sokolovská,Plzeň,13.368221282958984,49.77024841308594,360 m,PM10,částice PM10,ug/m^3
40649,TVERA,Věřňovice,Dolní Lutyně,18.42287254333496,49.924678802490234,203 m,SO2,oxid siřičitý,ug/m^3
40651,TVERA,Věřňovice,Dolní Lutyně,18.42287254333496,49.924678802490234,203 m,NO2,oxid dusičitý,ug/m^3
40652,TVERA,Věřňovice,Dolní Lutyně,18.42287254333496,49.924678802490234,203 m,NOx,oxidy dusíku,ug/m^3
40657,TVERA,Věřňovice,Dolní Lutyně,18.42287254333496,49.924678802490234,203 m,PM2_5,"jemné částice PM2,5",ug/m^3
40653,TVERA,Věřňovice,Dolní Lutyně,18.42287254333496,49.924678802490234,203 m,PM10,částice PM10,ug/m^3
1648409,TVERA,Věřňovice,Dolní Lutyně,18.42287254333496,49.924678802490234,203 m,INDX,Index kvality ovzduší,
40764,SONRA,,,14.782625198364258,49.91351318359375,514 m,O3,přízemní ozon,ug/m^3
1648511,SONRA,,,14.782625198364258,49.91351318359375,514 m,INDX,Index kvality ovzduší,
40805,MPSTA,Tylova,Prostějov,17.11472511291504,49.467857360839844,218 m,PM10,částice PM10,ug/m^3
1648907,MPSTA,Tylova,Prostějov,17.11472511291504,49.467857360839844,218 m,INDX,Index kvality ovzduší,
40845,ESVRA,MS Svratouch,Svratouch,16.034196853637695,49.735084533691406,735 m,O3,přízemní ozon,ug/m^3
1648715,ESVRA,MS Svratouch,Svratouch,16.034196853637695,49.735084533691406,735 m,INDX,Index kvality ovzduší,
41139,BZNOA,,,16.06012725830078,48.84295654296875,225 m,NO2,oxid dusičitý,ug/m^3
41140,BZNOA,,,16.06012725830078,48.84295654296875,225 m,NOx,oxidy dusíku,ug/m^3
849544,BZNOA,,,16.06012725830078,48.84295654296875,225 m,PM2_5,"jemné částice PM2,5",ug/m^3
41141,BZNOA,,,16.06012725830078,48.84295654296875,225 m,PM10,částice PM10,ug/m^3
1648520,BZNOA,,,16.06012725830078,48.84295654296875,225 m,INDX,Index kvality ovzduší,
1020981,PKUJA,,,13.618537902832031,49.72200012207031,385 m,SO2,oxid siřičitý,ug/m^3
1021177,PKUJA,,,13.618537902832031,49.72200012207031,385 m,NO2,oxid dusičitý,ug/m^3
1021183,PKUJA,,,13.618537902832031,49.72200012207031,385 m,NOx,oxidy dusíku,ug/m^3
1337482,PKUJA,,,13.618537902832031,49.72200012207031,385 m,PM2_5,"jemné částice PM2,5",ug/m^3
1337478,PKUJA,,,13.618537902832031,49.72200012207031,385 m,PM10,částice PM10,ug/m^3
1648781,PKUJA,,,13.618537902832031,49.72200012207031,385 m,INDX,Index kvality ovzduší,
1379502,TRYCA,Mírová,Rychvald,18.377254486083984,49.87166976928711,241 m,SO2,oxid siřičitý,ug/m^3
1379517,TRYCA,Mírová,Rychvald,18.377254486083984,49.87166976928711,241 m,NO2,oxid dusičitý,ug/m^3
1379522,TRYCA,Mírová,Rychvald,18.377254486083984,49.87166976928711,241 m,NOx,oxidy dusíku,ug/m^3
1379526,TRYCA,Mírová,Rychvald,18.377254486083984,49.87166976928711,241 m,PM2_5,"jemné částice PM2,5",ug/m^3
1379531,TRYCA,Mírová,Rychvald,18.377254486083984,49.87166976928711,241 m,PM10,částice PM10,ug/m^3
1648406,TRYCA,Mírová,Rychvald,18.377254486083984,49.87166976928711,241 m,INDX,Index kvality ovzduší,
1410468,ACHOA,Vejvanovského,Praha 4,14.517450332641602,50.03017044067383,300 m,NO2,oxid dusičitý,ug/m^3
1410474,ACHOA,Vejvanovského,Praha 4,14.517450332641602,50.03017044067383,300 m,NOx,oxidy dusíku,ug/m^3
1410479,ACHOA,Vejvanovského,Praha 4,14.517450332641602,50.03017044067383,300 m,PM10,částice PM10,ug/m^3
1648733,ACHOA,Vejvanovského,Praha 4,14.517450332641602,50.03017044067383,300 m,INDX,Index kvality ovzduší,
