type,geometry.coordinates,geometry.type,properties.measurement.AQ_hourly_index,properties.id,properties.name,properties.updated_at,properties.district,properties.measurement.components.type,properties.measurement.components.averaged_time.averaged_hours,properties.measurement.components.averaged_time.value
Feature,"[14.380116, 50.084385]",Point,2B,ABREA,Praha 6-Břevnov,2026-04-28T18:45:00.733Z,praha-6,NO2,3,20.3
Feature,"[14.380116, 50.084385]",Point,2B,ABREA,Praha 6-Břevnov,2026-04-28T18:45:00.733Z,praha-6,PM10,3,18.8
Feature,"[14.44365, 50.108845]",Point,2B,AHOLA,Praha 7-Holešovice,2026-04-28T18:45:00.733Z,praha-7,NO2,3,15.1
Feature,"[14.44365, 50.108845]",Point,2B,AHOLA,Praha 7-Holešovice,2026-04-28T18:45:00.733Z,praha-7,PM10,3,25.1
Feature,"[14.44365, 50.108845]",Point,2B,AHOLA,Praha 7-Holešovice,2026-04-28T18:45:00.733Z,praha-7,PM2_5,3,6.2
Feature,"[14.51745, 50.03017]",Point,2B,ACHOA,Praha 4-Chodov,2026-04-28T18:45:00.733Z,praha-11,NO2,3,6.4
Feature,"[14.51745, 50.03017]",Point,2B,ACHOA,Praha 4-Chodov,2026-04-28T18:45:00.733Z,praha-11,PM10,3,31.2
Feature,"[14.442049, 50.094238]",Point,2B,AKALA,Praha 8-Karlín,2026-04-28T18:45:00.733Z,praha-8,NO2,3,7.2
Feature,"[14.442049, 50.094238]",Point,2B,AKALA,Praha 8-Karlín,2026-04-28T18:45:00.733Z,praha-8,PM10,3,24.4
Feature,"[14.467578, 50.122189]",Point,2B,AKOBA,Praha 8-Kobylisy,2026-04-28T18:45:00.733Z,praha-8,NO2,3,5.2
Feature,"[14.467578, 50.122189]",Point,2B,AKOBA,Praha 8-Kobylisy,2026-04-28T18:45:00.733Z,praha-8,O3,3,106.0
Feature,"[14.467578, 50.122189]",Point,2B,AKOBA,Praha 8-Kobylisy,2026-04-28T18:45:00.733Z,praha-8,PM10,3,8.6
Feature,"[14.430673, 50.072388]",Point,2B,ALEGA,Praha 2-Legerova (hot spot),2026-04-28T18:45:00.733Z,praha-2,NO2,3,46.9
Feature,"[14.430673, 50.072388]",Point,2B,ALEGA,Praha 2-Legerova (hot spot),2026-04-28T18:45:00.733Z,praha-2,PM10,3,26.3
Feature,"[14.430673, 50.072388]",Point,2B,ALEGA,Praha 2-Legerova (hot spot),2026-04-28T18:45:00.733Z,praha-2,PM2_5,3,9.7
Feature,"[14.257226, 50.107086]",Point,2B,ALERA,Letiště Praha,2026-04-28T18:45:00.733Z,praha-6,NO2,3,5.5
Feature,"[14.257226, 50.107086]",Point,2B,ALERA,Letiště Praha,2026-04-28T18:45:00.733Z,praha-6,O3,3,85.3
Feature,"[14.257226, 50.107086]",Point,2B,ALERA,Letiště Praha,2026-04-28T18:45:00.733Z,praha-6,PM10,3,32.8
Feature,"[14.257226, 50.107086]",Point,2B,ALERA,Letiště Praha,2026-04-28T18:45:00.733Z,praha-6,PM2_5,3,9.4
Feature,"[14.445933, 50.007305]",Point,2B,ALIBA,Praha 4-Libuš,2026-04-28T18:45:00.733Z,praha-12,NO2,3,4.8
Feature,"[14.445933, 50.007305]",Point,2B,ALIBA,Praha 4-Libuš,2026-04-28T18:45:00.733Z,praha-12,O3,3,108.1
Feature,"[14.445933, 50.007305]",Point,2B,ALIBA,Praha 4-Libuš,2026-04-28T18:45:00.733Z,praha-12,PM10,3,16.9
Feature,"[14.445933, 50.007305]",Point,2B,ALIBA,Praha 4-Libuš,2026-04-28T18:45:00.733Z,praha-12,PM2_5,3,8.2
Feature,"[14.445933, 50.007305]",Point,2B,ALIBA,Praha 4-Libuš,2026-04-28T18:45:00.733Z,praha-12,SO2,3,3.7
Feature,"[14.53782, 50.062298]",Point,2B,APRUA,Praha 10-Průmyslová,2026-04-28T18:45:00.733Z,praha-15,NO2,3,7.8
Feature,"[14.53782, 50.062298]",Point,2B,APRUA,Praha 10-Průmyslová,2026-04-28T18:45:00.733Z,praha-15,PM10,3,24.6
Feature,"[14.42922, 50.088066]",Point,2B,AREPA,Praha 1-n. Republiky,2026-04-28T18:45:00.733Z,praha-1,NO2,3,14.5
Feature,"[14.42922, 50.088066]",Point,2B,AREPA,Praha 1-n. Republiky,2026-04-28T18:45:00.733Z,praha-1,PM10,3,17.7
Feature,"[14.309583, 50.030514]",Point,2B,ARERA,Praha 5-Řeporyje,2026-04-28T18:45:00.733Z,praha-reporyje,NO2,3,4.2
Feature,"[14.309583, 50.030514]",Point,2B,ARERA,Praha 5-Řeporyje,2026-04-28T18:45:00.733Z,praha-reporyje,PM10,3,20.7
Feature,"[14.309583, 50.030514]",Point,2B,ARERA,Praha 5-Řeporyje,2026-04-28T18:45:00.733Z,praha-reporyje,PM2_5,3,5.1
Feature,"[14.442692, 50.081482]",Point,0,ARIEA,Praha 2-Riegrovy sady,2026-04-28T18:45:00.733Z,praha-2,O3,3,101.6
Feature,"[14.442692, 50.081482]",Point,0,ARIEA,Praha 2-Riegrovy sady,2026-04-28T18:45:00.733Z,praha-2,PM10,3,18.7
Feature,"[14.442692, 50.081482]",Point,0,ARIEA,Praha 2-Riegrovy sady,2026-04-28T18:45:00.733Z,praha-2,PM2_5,3,16.0
Feature,"[14.442692, 50.081482]",Point,0,ARIEA,Praha 2-Riegrovy sady,2026-04-28T18:45:00.733Z,praha-2,SO2,3,1.3
Feature,"[14.472661, 50.07515]",Point,2B,ASROA,Praha 10-Šrobárova,2026-04-28T18:45:00.733Z,praha-10,NO2,3,4.8
Feature,"[14.472661, 50.07515]",Point,2B,ASROA,Praha 10-Šrobárova,2026-04-28T18:45:00.733Z,praha-10,PM10,3,14.7
Feature,"[14.472661, 50.07515]",Point,2B,ASROA,Praha 10-Šrobárova,2026-04-28T18:45:00.733Z,praha-10,PM2_5,3,4.1
Feature,"[14.331413, 50.046131]",Point,2B,ASTOA,Praha 5-Stodůlky,2026-04-28T18:45:00.733Z,praha-13,O3,3,106.0
Feature,"[14.331413, 50.046131]",Point,2B,ASTOA,Praha 5-Stodůlky,2026-04-28T18:45:00.733Z,praha-13,PM10,3,20.5
Feature,"[14.331413, 50.046131]",Point,2B,ASTOA,Praha 5-Stodůlky,2026-04-28T18:45:00.733Z,praha-13,PM2_5,3,12.9
Feature,"[14.384639, 50.12653]",Point,2B,ASUCA,Praha 6-Suchdol,2026-04-28T18:45:00.733Z,praha-lysolaje,O3,3,106.0
Feature,"[14.384639, 50.12653]",Point,2B,ASUCA,Praha 6-Suchdol,2026-04-28T18:45:00.733Z,praha-lysolaje,PM10,3,14.0
Feature,"[14.446152, 50.066429]",Point,2B,AVRSA,Praha 10-Vršovice,2026-04-28T18:45:00.733Z,praha-10,NO2,3,7.0
Feature,"[14.446152, 50.066429]",Point,2B,AVRSA,Praha 10-Vršovice,2026-04-28T18:45:00.733Z,praha-10,PM10,3,14.8
Feature,"[14.503096, 50.11108]",Point,2B,AVYNA,Praha 9-Vysočany,2026-04-28T18:45:00.733Z,praha-9,NO2,3,20.2
Feature,"[14.503096, 50.11108]",Point,2B,AVYNA,Praha 9-Vysočany,2026-04-28T18:45:00.733Z,praha-9,O3,3,91.1
Feature,"[14.503096, 50.11108]",Point,2B,AVYNA,Praha 9-Vysočany,2026-04-28T18:45:00.733Z,praha-9,PM10,3,21.9
